﻿<classes>
  <class name="Machine" assembly="MachineExample.BO">
    <property name="MachineID" type="Guid" compulsory="true" />
    <property name="MachineTypeID" type="Guid" />
    <property name="MachineNo" compulsory="true" />
    <primaryKey>
      <prop name="MachineID" />
    </primaryKey>
    <relationship name="MachineProperties" type="multiple" relatedClass="MachineProperty" relatedAssembly="MachineExample.BO">
      <relatedProperty property="MachineID" relatedProperty="MachineID" />
    </relationship>
    <relationship name="MachineType" type="single" relatedClass="MachineType" relatedAssembly="MachineExample.BO">
      <relatedProperty property="MachineTypeID" relatedProperty="MachineTypeID" />
    </relationship>
    <ui>
      <grid>
        <column heading="Machine No" property="MachineNo" />
      </grid>
      <form>
        <field label="Machine Type:" property="MachineType.Name" editable="false" />
        <field label="Machine No:" property="MachineNo" />
      </form>
    </ui>
  </class>
  <class name="MachineProperty" assembly="MachineExample.BO">
    <property name="MachineID" type="Guid" compulsory="true" />
    <property name="MachinePropertyDefID" type="Guid" compulsory="true" />
    <property name="Value" />
    <property name="MachinePropertyID" type="Guid" compulsory="true" />
    <primaryKey>
      <prop name="MachinePropertyID" />
    </primaryKey>
    <relationship name="Machine" type="single" relatedClass="Machine" relatedAssembly="MachineExample.BO">
      <relatedProperty property="MachineID" relatedProperty="MachineID" />
    </relationship>
    <relationship name="MachinePropertyDef" type="single" relatedClass="MachinePropertyDef" relatedAssembly="MachineExample.BO">
      <relatedProperty property="MachinePropertyDefID" relatedProperty="MachinePropertyDefID" />
    </relationship>
    <ui>
      <grid>
        <column heading="Machine No" property="Machine.MachineNo" />
        <column heading="Property Name" property="MachinePropertyDef.PropertyName" />
        <column heading="Value" property="Value" />
      </grid>
    </ui>
  </class>
  <class name="MachinePropertyDef" assembly="MachineExample.BO">
    <property name="PropertyName" compulsory="true" />
    <property name="MachinePropertyDefID" type="Guid" compulsory="true" />
    <property name="PropertyType" compulsory="true">
      <simpleLookupList>
        <item display="Integer" value="Int32" />
        <item display="String" value="String" />
      </simpleLookupList>
    </property>
    <property name="MachineTypeID" type="Guid" />
    <property name="IsCompulsory" type="Boolean" default="false" compulsory="true" />
    <primaryKey>
      <prop name="MachinePropertyDefID" />
    </primaryKey>
    <relationship name="MachineType" type="single" relatedClass="MachineType" relatedAssembly="MachineExample.BO">
      <relatedProperty property="MachineTypeID" relatedProperty="MachineTypeID" />
    </relationship>
    <ui>
      <grid>
        <column heading="Property Name" property="PropertyName" />
        <column heading="Property Type" property="PropertyType" />
        <column heading="Is Compulsory" property="IsCompulsory" type="DataGridViewCheckBoxColumn" />
      </grid>
      <form>
        <field label="Property Name:" property="PropertyName" />
        <field label="Property Type:" property="PropertyType" type="ComboBox" />
        <field label="Is Compulsory?" property="IsCompulsory" type="CheckBox" />
      </form>
    </ui>
  </class>
  <class name="MachineType" assembly="MachineExample.BO">
    <property name="Name" />
    <property name="MachineTypeID" type="Guid" compulsory="true" />
    <key>
      <prop name="Name" />
    </key>
    <primaryKey>
      <prop name="MachineTypeID" />
    </primaryKey>
    <relationship name="MachinePropertyDefs" type="multiple" relatedClass="MachinePropertyDef" relatedAssembly="MachineExample.BO" keepReference="false">
      <relatedProperty property="MachineTypeID" relatedProperty="MachineTypeID" />
    </relationship>
    <relationship name="Machines" type="multiple" relatedClass="Machine" relatedAssembly="MachineExample.BO">
      <relatedProperty property="MachineTypeID" relatedProperty="MachineTypeID" />
    </relationship>
    <ui>
      <grid>
        <column heading="Name" property="Name" />
      </grid>
      <form title="Add/Edit a Machine Type">
        <field label="Name:" property="Name" />
      </form>
    </ui>
  </class>
</classes>