-- MySQL Administrator dump 1.4
--
-- ------------------------------------------------------
-- Server version	5.4.3-beta-community


/*!40101 SET @OLD_CHARACTER_SET_CLIENT=@@CHARACTER_SET_CLIENT */;
/*!40101 SET @OLD_CHARACTER_SET_RESULTS=@@CHARACTER_SET_RESULTS */;
/*!40101 SET @OLD_COLLATION_CONNECTION=@@COLLATION_CONNECTION */;
/*!40101 SET NAMES utf8 */;

/*!40014 SET @OLD_UNIQUE_CHECKS=@@UNIQUE_CHECKS, UNIQUE_CHECKS=0 */;
/*!40014 SET @OLD_FOREIGN_KEY_CHECKS=@@FOREIGN_KEY_CHECKS, FOREIGN_KEY_CHECKS=0 */;
/*!40101 SET @OLD_SQL_MODE=@@SQL_MODE, SQL_MODE='NO_AUTO_VALUE_ON_ZERO' */;


--
-- Create schema habanero_test_trunk_2_6_20120213
--

CREATE DATABASE IF NOT EXISTS habanero_test_trunk_2_6_20120213;
USE habanero_test_trunk_2_6_20120213;

--
-- Definition of table `another_number_generator`
--

DROP TABLE IF EXISTS `another_number_generator`;
CREATE TABLE `another_number_generator` (
  `SequenceNumber` int(10) unsigned NOT NULL DEFAULT '0',
  `NumberType` varchar(45) NOT NULL DEFAULT '',
  `UserLocked` varchar(45) DEFAULT NULL,
  `Locked` tinyint(1) DEFAULT NULL,
  `MachineLocked` varchar(45) DEFAULT NULL,
  `OperatingSystemUserLocked` varchar(45) DEFAULT NULL,
  `DateTimeLocked` datetime DEFAULT NULL,
  PRIMARY KEY (`NumberType`)
) ENGINE=InnoDB DEFAULT CHARSET=latin1;

--
-- Dumping data for table `another_number_generator`
--

/*!40000 ALTER TABLE `another_number_generator` DISABLE KEYS */;
INSERT INTO `another_number_generator` (`SequenceNumber`,`NumberType`,`UserLocked`,`Locked`,`MachineLocked`,`OperatingSystemUserLocked`,`DateTimeLocked`) VALUES 
 (1,'tmp',NULL,NULL,NULL,NULL,NULL);
/*!40000 ALTER TABLE `another_number_generator` ENABLE KEYS */;


--
-- Definition of table `asset`
--

DROP TABLE IF EXISTS `asset`;
CREATE TABLE `asset` (
  `AssetID` char(38) NOT NULL,
  `ParentAssetID` char(38) DEFAULT NULL,
  PRIMARY KEY (`AssetID`),
  KEY `FK_asset_1` (`ParentAssetID`),
  CONSTRAINT `FK_asset_1` FOREIGN KEY (`ParentAssetID`) REFERENCES `asset` (`AssetID`)
) ENGINE=InnoDB DEFAULT CHARSET=latin1;

--
-- Dumping data for table `asset`
--

/*!40000 ALTER TABLE `asset` DISABLE KEYS */;
INSERT INTO `asset` (`AssetID`,`ParentAssetID`) VALUES 
 ('{06A47CCC-877F-4925-B353-2D31DAC50225}',NULL),
 ('{0FFD8B9A-4BEB-497D-836E-26A7AE1A57A9}',NULL),
 ('{17B2727B-D41D-49CB-8FFA-D30FC4C612AE}',NULL),
 ('{27859F21-4A4C-4797-9BE9-888603EA76CF}',NULL),
 ('{286DAF44-3A83-4915-B46E-F2B51CCC8F26}',NULL),
 ('{320C04F3-4CF8-4B78-80AC-69154D589626}',NULL),
 ('{3ECAB242-4044-4E41-9392-13A37729685C}',NULL),
 ('{4EB36A55-22EE-489C-818E-CCBAA224B022}',NULL),
 ('{51F26CB9-B76B-4D7A-9163-A5CDA5BE2FAA}',NULL),
 ('{5A3D9DE6-1112-4387-8E5E-15A0775CCA56}',NULL),
 ('{5A50986D-D06A-42B9-9C5F-BCF165E3D3A7}',NULL),
 ('{5BC3D6E7-28E7-4A86-9DE1-3B95523A4DCB}',NULL),
 ('{5CD29A6C-4E17-4A73-AC92-8F3F14E76547}',NULL),
 ('{5EDAE1E4-392B-4327-B080-C6B34D01D1BD}',NULL),
 ('{739E0091-0856-4C8E-8A77-FAAC4DCB1FA8}',NULL),
 ('{77B9ADB7-41B7-48EC-8CDF-BF8428AA567D}',NULL),
 ('{7807D0E3-484A-455F-9DAB-452BFE7881BD}',NULL),
 ('{836D53E3-090C-4F2B-BBD3-E90448D2FE62}',NULL),
 ('{8A8A51B0-210E-425A-9FF6-C49B654B3DDB}',NULL),
 ('{8E49534C-BAEE-4107-855A-8BE6D32452A3}',NULL),
 ('{9482B5D4-B827-44AF-856A-AE889ED6F105}',NULL),
 ('{980E2F55-2A69-4429-9928-47078F81C09F}',NULL),
 ('{9D62B84B-080F-4948-9D4F-7C4C2B3869B3}',NULL),
 ('{A8AB4502-861C-434F-891E-A4C874B50B96}',NULL),
 ('{B6450B60-766F-4713-A120-EB35416F195A}',NULL),
 ('{B9B5EA39-2F3E-4D5C-9D4A-294F42120723}',NULL),
 ('{B9C5E1EE-E77E-472E-8CDD-F3CD2C4116A2}',NULL),
 ('{BC5B2F4D-5BB1-4258-940C-F1901708688E}',NULL),
 ('{C6EDD883-BCDD-456F-A7A1-0F6B07CA1839}',NULL),
 ('{D3EA0618-9CEF-499A-8960-B30C7174712F}',NULL),
 ('{DAF829B2-2C16-4755-A78E-5CE93DE9C28E}',NULL),
 ('{DEBE7DAB-B09D-4CE4-8634-2AD47335E30B}',NULL),
 ('{DF98C3AF-83D2-4E3D-BF5A-2A90DAD999E7}',NULL),
 ('{E1C14BB3-B1F1-4670-8D14-5730C79C04A2}',NULL),
 ('{F07CC060-6AD7-4612-80C0-F06ACC3610F3}',NULL),
 ('{F2E12969-42B1-441E-A90C-0C4E84D06CD9}',NULL),
 ('{FD4D352F-08EE-473C-86EB-98D15EF29A97}',NULL),
 ('{8995C08B-0DD9-44DF-98A5-AC8188576236}','{06A47CCC-877F-4925-B353-2D31DAC50225}'),
 ('{13F757D6-8C90-49F5-8520-5FBFFD439DA5}','{0FFD8B9A-4BEB-497D-836E-26A7AE1A57A9}'),
 ('{846A83D2-A105-4FC5-BDB0-44BD80B09311}','{17B2727B-D41D-49CB-8FFA-D30FC4C612AE}'),
 ('{797E3AB0-1761-41F1-92EF-83E02E25CDDE}','{27395BDC-A98C-4807-AB52-AAD283184AD6}'),
 ('{ED786AE7-C86F-4DCB-9D50-8BBAAC38EC6D}','{27859F21-4A4C-4797-9BE9-888603EA76CF}'),
 ('{8123801F-05A3-46A9-8754-146611E90073}','{286DAF44-3A83-4915-B46E-F2B51CCC8F26}'),
 ('{56869947-8EB3-4E06-A6A9-17F45690B45A}','{320C04F3-4CF8-4B78-80AC-69154D589626}'),
 ('{27395BDC-A98C-4807-AB52-AAD283184AD6}','{3ECAB242-4044-4E41-9392-13A37729685C}'),
 ('{34EB11A7-C1ED-49A2-80FD-0764E53566A2}','{4EB36A55-22EE-489C-818E-CCBAA224B022}'),
 ('{D55ABA81-1369-4C2E-B13E-12591A25FD1C}','{51F26CB9-B76B-4D7A-9163-A5CDA5BE2FAA}'),
 ('{71B6243E-1555-407F-AFA7-B6285B83DF2C}','{5A2B62D1-C139-4EE1-B902-EAD7AC2B3EA0}'),
 ('{CBA13E1B-12BE-4D84-82AB-B666141CA298}','{5A3D9DE6-1112-4387-8E5E-15A0775CCA56}'),
 ('{1883EA04-C2B5-4F35-9480-6AF32905867A}','{5A50986D-D06A-42B9-9C5F-BCF165E3D3A7}'),
 ('{42030673-DED9-4380-998D-6156EFCB44A8}','{5BC3D6E7-28E7-4A86-9DE1-3B95523A4DCB}'),
 ('{6FB54FDB-DCF6-43E2-90DC-E38CB5746DB4}','{5CD29A6C-4E17-4A73-AC92-8F3F14E76547}'),
 ('{C705B2FF-A914-4A73-BC5F-1B2BD18C4BC6}','{5EDAE1E4-392B-4327-B080-C6B34D01D1BD}'),
 ('{6DDB260E-A8F1-4198-B93C-33B20DCFDB84}','{6FB54FDB-DCF6-43E2-90DC-E38CB5746DB4}'),
 ('{187147E9-08E8-4F4C-B07B-8FD587B9BE7A}','{739E0091-0856-4C8E-8A77-FAAC4DCB1FA8}'),
 ('{D5C2D2A0-2736-44E4-8DA2-9323854E20A5}','{77B9ADB7-41B7-48EC-8CDF-BF8428AA567D}'),
 ('{5CC32C3D-C10E-4893-8A4E-DE88498FED18}','{7807D0E3-484A-455F-9DAB-452BFE7881BD}'),
 ('{8E549D3F-B539-4CFB-87C2-B24F54438905}','{836D53E3-090C-4F2B-BBD3-E90448D2FE62}'),
 ('{070038F0-D87A-4F92-A58B-FE5AA2D40C42}','{8A8A51B0-210E-425A-9FF6-C49B654B3DDB}'),
 ('{443AC4F4-75C9-48E9-B88E-75A0ADD7C45F}','{8E49534C-BAEE-4107-855A-8BE6D32452A3}'),
 ('{A6804893-51E6-4F82-BA47-FEA1FD2004C7}','{9482B5D4-B827-44AF-856A-AE889ED6F105}'),
 ('{B538C7CC-3B93-42DE-90FB-1ADBBF4D8702}','{980E2F55-2A69-4429-9928-47078F81C09F}'),
 ('{55DE6881-B66B-4D3D-A46A-9C5117C1B9CC}','{9D62B84B-080F-4948-9D4F-7C4C2B3869B3}'),
 ('{D608F32B-6665-4458-92AB-0463E6CA569F}','{A6804893-51E6-4F82-BA47-FEA1FD2004C7}'),
 ('{91653E70-929C-43F2-94D0-DF7478C08A17}','{A8AB4502-861C-434F-891E-A4C874B50B96}'),
 ('{BB1884FB-280F-442E-93CE-303069AC7481}','{B6450B60-766F-4713-A120-EB35416F195A}'),
 ('{11881626-5617-45F4-9FD1-1070C71F6FCA}','{B9B5EA39-2F3E-4D5C-9D4A-294F42120723}'),
 ('{EED1A73D-7D68-49E9-AA8D-C1446F57457D}','{B9C5E1EE-E77E-472E-8CDD-F3CD2C4116A2}'),
 ('{A8F95475-3567-4D8E-9B2E-017B968858FD}','{BC5B2F4D-5BB1-4258-940C-F1901708688E}'),
 ('{331A6382-4FCC-4884-B680-731813364630}','{C6EDD883-BCDD-456F-A7A1-0F6B07CA1839}'),
 ('{5A2B62D1-C139-4EE1-B902-EAD7AC2B3EA0}','{D3EA0618-9CEF-499A-8960-B30C7174712F}'),
 ('{3B751C11-A963-4869-8F59-44D3AA0EC4C6}','{DAF829B2-2C16-4755-A78E-5CE93DE9C28E}'),
 ('{EBD47B3D-7B10-4E6E-A95B-E2E98C387399}','{DEBE7DAB-B09D-4CE4-8634-2AD47335E30B}'),
 ('{67075C78-0874-46A6-B820-BD12FF473F55}','{DF98C3AF-83D2-4E3D-BF5A-2A90DAD999E7}'),
 ('{4D26B12E-EE29-4FF7-8DA1-65D7086589DF}','{E1C14BB3-B1F1-4670-8D14-5730C79C04A2}'),
 ('{17A43DF3-8523-40CC-9861-0D766B9216E8}','{F07CC060-6AD7-4612-80C0-F06ACC3610F3}'),
 ('{40454E4F-13FE-4DD5-9486-6839019D9E23}','{F2E12969-42B1-441E-A90C-0C4E84D06CD9}'),
 ('{E2B15CDE-EED5-49CC-806B-E5BF4985375C}','{FD4D352F-08EE-473C-86EB-98D15EF29A97}');
/*!40000 ALTER TABLE `asset` ENABLE KEYS */;


--
-- Definition of table `bowithintid`
--

DROP TABLE IF EXISTS `bowithintid`;
CREATE TABLE `bowithintid` (
  `IntID` int(10) unsigned NOT NULL AUTO_INCREMENT,
  `TestField` varchar(45) NOT NULL DEFAULT '',
  PRIMARY KEY (`IntID`)
) ENGINE=InnoDB AUTO_INCREMENT=2054756679 DEFAULT CHARSET=latin1;

--
-- Dumping data for table `bowithintid`
--

/*!40000 ALTER TABLE `bowithintid` DISABLE KEYS */;
/*!40000 ALTER TABLE `bowithintid` ENABLE KEYS */;


--
-- Definition of table `car_table`
--

DROP TABLE IF EXISTS `car_table`;
CREATE TABLE `car_table` (
  `Car_ID` varchar(38) DEFAULT NULL,
  `Owner_Id` varchar(38) DEFAULT NULL,
  `Car_Reg_No` varchar(50) DEFAULT NULL,
  `Driver_FK1` varchar(50) DEFAULT NULL,
  `Driver_FK2` varchar(50) DEFAULT NULL
) ENGINE=InnoDB DEFAULT CHARSET=latin1;

--
-- Dumping data for table `car_table`
--

/*!40000 ALTER TABLE `car_table` DISABLE KEYS */;
/*!40000 ALTER TABLE `car_table` ENABLE KEYS */;


--
-- Definition of table `circle_concrete`
--

DROP TABLE IF EXISTS `circle_concrete`;
CREATE TABLE `circle_concrete` (
  `CircleID_field` char(38) NOT NULL DEFAULT '',
  `Radius` int(10) unsigned DEFAULT NULL,
  `ShapeID_field` char(38) DEFAULT NULL,
  `ShapeName` varchar(255) DEFAULT NULL,
  PRIMARY KEY (`CircleID_field`),
  KEY `Index_2` (`ShapeID_field`),
  CONSTRAINT `FK_circle_concrete_1` FOREIGN KEY (`ShapeID_field`) REFERENCES `shape_table` (`ShapeID_field`)
) ENGINE=InnoDB DEFAULT CHARSET=latin1;

--
-- Dumping data for table `circle_concrete`
--

/*!40000 ALTER TABLE `circle_concrete` DISABLE KEYS */;
INSERT INTO `circle_concrete` (`CircleID_field`,`Radius`,`ShapeID_field`,`ShapeName`) VALUES 
 ('{C3EFA654-294E-4B43-B7A5-DC942EF083FC}',10,NULL,'613462d5-01da-4a29-8998-f8a940083567');
/*!40000 ALTER TABLE `circle_concrete` ENABLE KEYS */;


--
-- Definition of table `circle_table`
--

DROP TABLE IF EXISTS `circle_table`;
CREATE TABLE `circle_table` (
  `CircleID_field` char(38) DEFAULT NULL,
  `Radius` int(10) unsigned NOT NULL DEFAULT '0',
  `ShapeID_field` char(38) DEFAULT NULL,
  `Colour` int(10) unsigned NOT NULL DEFAULT '0'
) ENGINE=InnoDB DEFAULT CHARSET=latin1;

--
-- Dumping data for table `circle_table`
--

/*!40000 ALTER TABLE `circle_table` DISABLE KEYS */;
/*!40000 ALTER TABLE `circle_table` ENABLE KEYS */;


--
-- Definition of table `contact_person`
--

DROP TABLE IF EXISTS `contact_person`;
CREATE TABLE `contact_person` (
  `ContactPersonID` char(38) NOT NULL DEFAULT '',
  `Surname_field` varchar(255) DEFAULT NULL,
  `FirstName_field` varchar(255) DEFAULT NULL,
  `EmailAddress` varchar(255) DEFAULT NULL,
  `PhoneNumber` varchar(255) DEFAULT NULL,
  `CellNumber` varchar(255) DEFAULT NULL,
  `DateOfBirth` datetime DEFAULT NULL,
  `DateLastUpdated` datetime DEFAULT NULL,
  `UserLastUpdated` varchar(255) DEFAULT NULL,
  `MachineLastUpdated` varchar(255) DEFAULT NULL,
  `VersionNumber` int(11) DEFAULT NULL,
  `PK2_Prop1` varchar(255) DEFAULT NULL,
  `PK2_Prop2` varchar(255) DEFAULT NULL,
  `PK3_Prop` varchar(255) DEFAULT NULL,
  `OrganisationID` char(38) DEFAULT NULL,
  `UserLocked` varchar(45) DEFAULT NULL,
  `DateTimeLocked` datetime DEFAULT NULL,
  `MachineLocked` varchar(45) DEFAULT NULL,
  `OperatingSystemUserLocked` varchar(45) DEFAULT NULL,
  `Locked` tinyint(1) DEFAULT NULL,
  `IntegerProperty` int(11) DEFAULT NULL,
  PRIMARY KEY (`ContactPersonID`),
  UNIQUE KEY `Index_2` (`Surname_field`,`FirstName_field`),
  KEY `FK_contact_person_1` (`OrganisationID`),
  CONSTRAINT `FK_contact_person_1` FOREIGN KEY (`OrganisationID`) REFERENCES `organisation` (`OrganisationID`)
) ENGINE=InnoDB DEFAULT CHARSET=latin1;

--
-- Dumping data for table `contact_person`
--

/*!40000 ALTER TABLE `contact_person` DISABLE KEYS */;
/*!40000 ALTER TABLE `contact_person` ENABLE KEYS */;


--
-- Definition of table `contact_person_address`
--

DROP TABLE IF EXISTS `contact_person_address`;
CREATE TABLE `contact_person_address` (
  `AddressID` char(38) NOT NULL DEFAULT '',
  `ContactPersonID` char(38) NOT NULL DEFAULT '',
  `AddressLine1` varchar(255) DEFAULT NULL,
  `AddressLine2` varchar(255) DEFAULT NULL,
  `AddressLine3` varchar(255) DEFAULT NULL,
  `AddressLine4` varchar(255) DEFAULT NULL,
  `OrganisationID` char(38) DEFAULT NULL,
  PRIMARY KEY (`AddressID`),
  KEY `FK_contact_person_address_1` (`ContactPersonID`),
  CONSTRAINT `FK_contact_person_address_1` FOREIGN KEY (`ContactPersonID`) REFERENCES `contact_person` (`ContactPersonID`)
) ENGINE=InnoDB DEFAULT CHARSET=latin1;

--
-- Dumping data for table `contact_person_address`
--

/*!40000 ALTER TABLE `contact_person_address` DISABLE KEYS */;
/*!40000 ALTER TABLE `contact_person_address` ENABLE KEYS */;


--
-- Definition of table `contactpersoncompositekey`
--

DROP TABLE IF EXISTS `contactpersoncompositekey`;
CREATE TABLE `contactpersoncompositekey` (
  `PK1_Prop1` varchar(50) DEFAULT NULL,
  `PK1_Prop2` varchar(50) DEFAULT NULL,
  `Surname` varchar(50) DEFAULT NULL,
  `FirstName` varchar(50) DEFAULT NULL,
  `DateOfBirth` datetime DEFAULT NULL,
  `DateLastUpdated` datetime DEFAULT NULL,
  `UserLastUpdated` varchar(50) DEFAULT NULL,
  `MachineLastUpdated` varchar(50) DEFAULT NULL,
  `VersionNumber` int(11) DEFAULT NULL
) ENGINE=InnoDB DEFAULT CHARSET=latin1;

--
-- Dumping data for table `contactpersoncompositekey`
--

/*!40000 ALTER TABLE `contactpersoncompositekey` DISABLE KEYS */;
INSERT INTO `contactpersoncompositekey` (`PK1_Prop1`,`PK1_Prop2`,`Surname`,`FirstName`,`DateOfBirth`,`DateLastUpdated`,`UserLastUpdated`,`MachineLastUpdated`,`VersionNumber`) VALUES 
 ('{90314B5B-DE43-45BB-A8E2-283F12DB625B}','{EFF1DD7C-48AE-4792-8463-E5BDA68F3982}','Surname','NewFirstName','1969-01-29 00:00:00','2010-10-04 20:14:17',NULL,NULL,1),
 ('{50980F74-A199-42E6-A84E-396C7EB8CEBA}','{DA07DF33-0CF1-4919-893A-466DFA524542}','Vincent','Brad','1980-01-22 00:00:00','2010-10-04 20:14:17',NULL,NULL,1),
 ('86dda08c-d6cc-4cf6-915c-d0c32810a9a61','a50306d2-f6ff-4446-b79c-0f6cc56c9a3f','Vincent',NULL,NULL,'2010-10-04 20:14:17',NULL,NULL,1),
 ('86dda08c-d6cc-4cf6-915c-d0c32810a9a6','a50306d2-f6ff-4446-b79c-0f6cc56c9a3f','Vincent 2',NULL,NULL,'2010-10-04 20:14:17',NULL,NULL,1),
 ('{38E2F9AD-2CA8-4E7D-ACF9-43F7FE7DBE21}','{A9BB2081-F551-4F5A-A5BA-D7BEE9E324BA}','Vincent','Brad','1980-01-22 00:00:00','2010-10-04 20:14:17',NULL,NULL,1),
 ('{99CAB740-4ADD-4263-A400-4B03A9405D24}','{5DD2A9F8-E5AC-4E99-8760-443184922675}','Vincent','Brad','1980-01-22 00:00:00','2010-10-04 20:14:17',NULL,NULL,1),
 ('{508E77DE-D3F1-4546-B96E-84CD46094D70}','{0199187C-61D6-4F01-A214-9C98F0A621B5}','Vincent','Brad','1980-01-22 00:00:00','2010-10-04 20:14:17',NULL,NULL,1),
 ('{EFE9ECBC-1E5C-49C6-A8F9-1FECE089FD0A}','{3611CCF6-0AB5-4318-BEF4-3192F3335BE8}','Vincent','Brad','1980-01-22 00:00:00','2010-10-04 20:14:17',NULL,NULL,1);
/*!40000 ALTER TABLE `contactpersoncompositekey` ENABLE KEYS */;


--
-- Definition of table `database_lookup_guid`
--

DROP TABLE IF EXISTS `database_lookup_guid`;
CREATE TABLE `database_lookup_guid` (
  `LookupID` varchar(38) NOT NULL DEFAULT '',
  `LookupValue` varchar(45) NOT NULL DEFAULT '',
  PRIMARY KEY (`LookupID`)
) ENGINE=InnoDB DEFAULT CHARSET=latin1;

--
-- Dumping data for table `database_lookup_guid`
--

/*!40000 ALTER TABLE `database_lookup_guid` DISABLE KEYS */;
INSERT INTO `database_lookup_guid` (`LookupID`,`LookupValue`) VALUES 
 ('{6EAE79DD-11A8-4f31-8AF5-A08F22FE556E}','test2'),
 ('{831B3C35-5842-484b-BEC9-CE24CCE05AC2}','test1');
/*!40000 ALTER TABLE `database_lookup_guid` ENABLE KEYS */;


--
-- Definition of table `database_lookup_int`
--

DROP TABLE IF EXISTS `database_lookup_int`;
CREATE TABLE `database_lookup_int` (
  `LookupID` int(10) unsigned NOT NULL DEFAULT '0',
  `LookupValue` varchar(45) NOT NULL DEFAULT '',
  PRIMARY KEY (`LookupID`)
) ENGINE=InnoDB DEFAULT CHARSET=latin1;

--
-- Dumping data for table `database_lookup_int`
--

/*!40000 ALTER TABLE `database_lookup_int` DISABLE KEYS */;
INSERT INTO `database_lookup_int` (`LookupID`,`LookupValue`) VALUES 
 (1,'TestInt1'),
 (7,'TestInt7');
/*!40000 ALTER TABLE `database_lookup_int` ENABLE KEYS */;


--
-- Definition of table `filledcircle_concrete`
--

DROP TABLE IF EXISTS `filledcircle_concrete`;
CREATE TABLE `filledcircle_concrete` (
  `FilledCircleID_field` char(38) NOT NULL DEFAULT '',
  `Colour` int(10) unsigned DEFAULT NULL,
  `ShapeID_field` char(38) DEFAULT NULL,
  `CircleID_field` char(38) DEFAULT NULL,
  `Radius` int(10) unsigned DEFAULT NULL,
  `ShapeName` varchar(255) DEFAULT NULL,
  PRIMARY KEY (`FilledCircleID_field`)
) ENGINE=InnoDB DEFAULT CHARSET=utf8;

--
-- Dumping data for table `filledcircle_concrete`
--

/*!40000 ALTER TABLE `filledcircle_concrete` DISABLE KEYS */;
INSERT INTO `filledcircle_concrete` (`FilledCircleID_field`,`Colour`,`ShapeID_field`,`CircleID_field`,`Radius`,`ShapeName`) VALUES 
 ('{0109B7FF-6F97-46B9-923B-CFC499C23CCE}',1,NULL,NULL,10,'69bf09ef-f078-4ccf-9023-3c805a9cb6c9'),
 ('{0378616F-F9B1-47E2-B456-2CE2A5DAF1C8}',1,NULL,NULL,10,'4e809b2a-3641-4d1d-a7f4-897f77422ae9'),
 ('{08D31ABF-0933-4059-BD85-20DDEC696D46}',1,NULL,NULL,10,'a09346db-9235-4917-b5c1-5e226c516342'),
 ('{08DDBD2F-7F81-420B-8ECF-418119BA101F}',1,NULL,NULL,10,'8959426d-542c-4834-8bde-632b419d5f0d'),
 ('{0D71F8F1-A295-4D49-BBF1-20B11D845351}',1,NULL,NULL,10,'23464ad4-c6c7-4112-8373-2eb528b5c275'),
 ('{0DBDF19C-95D8-42FB-9745-35877B077015}',1,NULL,NULL,10,'6fb16981-703b-4451-b8d6-9f9aa622a38a'),
 ('{0FBC90D5-1093-43E7-A728-55D766CE9FE2}',1,NULL,NULL,10,'9a8dc5b3-69b2-429f-bb89-260510e1c6ff'),
 ('{14F0DE4F-2736-4F6A-941C-3551622F6E41}',1,NULL,NULL,10,'aa584912-876b-45ed-8664-66d44c486f27'),
 ('{153A78AF-F511-47ED-B8A5-368161649B75}',1,NULL,NULL,10,'3504f231-3059-4be3-9806-0006643cdc96'),
 ('{1951FD4B-B12E-41DA-9286-22C0BF08AC89}',1,NULL,NULL,10,'6e6f98e4-692b-4a3d-9704-6c1deeb931b0'),
 ('{198B9395-6E20-43E9-A99B-EE2774B863F0}',1,NULL,NULL,10,'c375f83d-bca9-48a6-8000-b57e330aa3a7'),
 ('{19F57FC0-58B3-4A7B-987D-E786F584BAAB}',1,NULL,NULL,10,'01280c83-e85c-4abe-b9a2-bcece6508a78'),
 ('{1C21C661-4380-4531-820B-F993F5AFD4D8}',1,NULL,NULL,10,'c85899e5-cef7-463b-9efb-bcb9d31be30b'),
 ('{1D30361F-162A-415D-9283-9A1EB5E0D336}',1,NULL,NULL,10,'0435bc26-5d73-44ea-a2a9-e6903ac319b4'),
 ('{213EB20D-3139-439D-A400-C6E3C91F0642}',1,NULL,NULL,10,'371cda28-a1fe-4181-bdae-90e7568657bd'),
 ('{278797A0-3F22-4F0F-B17D-F94E8B28ABEC}',1,NULL,NULL,10,'4966edea-2cdc-4c5a-bc3b-d9e53075bb73'),
 ('{2C8217EC-1022-4232-B2C6-2EFC360DEAF4}',1,NULL,NULL,10,'1b6bfe8f-f991-42ed-a810-f01deae3d618'),
 ('{3134EE15-F359-4426-91B5-FB6FB67B3ADB}',1,NULL,NULL,10,'d6cd849b-14cc-45c0-896a-cb6f9e1b8f30'),
 ('{32DF604A-8DA6-4A33-A6B0-C701470C10D8}',1,NULL,NULL,10,'687e8756-d920-45e3-af77-ab5a0bd8d5e6'),
 ('{3A414940-888A-400F-A39E-C9760A75C7C2}',1,NULL,NULL,10,'58c2b2b3-203e-455a-bd4b-993bbf6d477d'),
 ('{3A894349-D292-47B8-92E4-CED92FF2E451}',1,NULL,NULL,10,'8805e2fb-5d22-4f15-b77f-752e72d6f4cb'),
 ('{3A9760DA-0722-44EB-A3A9-93851FD6CFB7}',1,NULL,NULL,10,'c69157e6-6c0b-4334-8d64-396fd78f1582'),
 ('{3B5D0946-6116-4CBB-B23E-E16C718DB0D3}',1,NULL,NULL,10,'976d4380-84d2-48b6-ab42-2d7f5732766f'),
 ('{3EFEA547-624F-488A-9892-7048E16FA653}',1,NULL,NULL,10,'79c17113-6e74-4e92-87fa-b314ab9db7c7'),
 ('{467AECF3-9509-4EA0-91BC-7BDDB3B2F638}',1,NULL,NULL,10,'aaa1eceb-b1ce-49a3-a909-0faa3c7c7fc5'),
 ('{47CC7A50-2281-47FA-82FC-1B1D803B015D}',1,NULL,NULL,10,'ac6d9cfe-5c9a-4a4a-bacb-4ef18a560316'),
 ('{492B5522-1A12-4EE0-8C1F-E6204EBA0FEE}',1,NULL,NULL,10,'cff69036-0ccd-493a-a720-7a33493c4c7e'),
 ('{4A58B282-7B84-4092-8A64-C24DDED6404A}',1,NULL,NULL,10,'0aaec872-6fb7-48fd-a12f-75bda0752f80'),
 ('{4D87766B-15C9-4D3E-ABE4-799FAC47CC9F}',1,NULL,NULL,10,'8cc47c11-e5bc-4a87-a781-2535a79f0219'),
 ('{4F92FACE-1021-4175-930D-30123AA8BFD7}',1,NULL,NULL,10,'627b70bc-1fd9-483a-9a12-39b6c03c193c'),
 ('{545EBE1B-9643-4CD0-A260-483B2D7257C8}',1,NULL,NULL,10,'d7e4ac54-c6f0-4eb6-8286-b82afbab0bfd'),
 ('{548C3769-6B81-4BA4-ACB9-9E9B6A7480D5}',1,NULL,NULL,10,'545dfc18-9a5a-4d0b-8cf2-684695b834e0'),
 ('{5C1C70F2-8224-46AF-8FE9-F69E77DA707C}',1,NULL,NULL,10,'f735cb86-2b54-4ad6-9b0d-8e33c5f8b414'),
 ('{6675EE85-2D18-4F08-A23D-9431C4C96B1C}',1,NULL,NULL,10,'f4000392-6375-4294-9f38-6e96284aeb9f'),
 ('{68219FF4-A0FF-46BF-B460-FA0493E0CDB0}',1,NULL,NULL,10,'9fc42e8e-6188-47ef-bf50-5499a94dbdfd'),
 ('{68A0612F-9C14-4298-BB99-B93FF4807279}',1,NULL,NULL,10,'077353e5-e29b-4455-b8ba-6bf68a942adb'),
 ('{68C9728D-71E3-481F-A029-1537548C1138}',1,NULL,NULL,10,'ab53d69e-74ba-4b60-86a7-ad5cf13fcd7f'),
 ('{6E0899EA-CD1E-4657-9E7A-ABB6B7F9AF16}',1,NULL,NULL,10,'5af03b44-0330-486b-bcbe-99bc0b576338'),
 ('{7083E58B-A237-4C7B-80B1-E13A6F318552}',1,NULL,NULL,10,'3ef75f41-f519-4365-8346-dedef0acd3f3'),
 ('{709F48F7-E1E6-4D6A-AC06-26725529D532}',1,NULL,NULL,10,'25faca06-e081-48e5-abdc-cde92c51ade0'),
 ('{716D1C66-A67A-47A8-BEA8-AE4A0D614CD8}',1,NULL,NULL,10,'6b3315de-eecb-467e-9308-2900e10cbf5a'),
 ('{73BDD592-9895-4B26-8244-56D4A1A042B3}',1,NULL,NULL,10,'638c2534-64eb-4f3b-b808-10e964f7cfda'),
 ('{75A3C3E7-32FF-438F-9F54-FF2BDCD45EFE}',1,NULL,NULL,10,'02eb7f0c-0e0c-4cee-9aa8-29ccc71e9eaf'),
 ('{76970625-B3E1-4641-B6CB-B990F13FE364}',1,NULL,NULL,10,'0e11a6b7-b92b-4b5b-9094-51f5a0d79496'),
 ('{76F5A52B-CDD9-4BE9-B867-55247116EE91}',1,NULL,NULL,10,'249b06ad-b76f-45fb-afcf-246cb688704a'),
 ('{7C810515-C2B3-4A83-B5EB-0E3CEF2E5C85}',1,NULL,NULL,10,'6a7fd0d4-c45c-488e-9c4f-1711ea5f66b0'),
 ('{839D1FC3-A72A-424F-9DDC-54C2978DD04D}',1,NULL,NULL,10,'4c6cbbe6-76ca-4e2d-a918-2023da9bf194'),
 ('{898A7DE3-E94D-458A-938A-92F2665864ED}',1,NULL,NULL,10,'6dae4ed9-7a99-455e-b4ce-81020702c6fa'),
 ('{8DB81E51-5521-4054-88F3-13E805685DE3}',1,NULL,NULL,10,'17b36243-91b9-47ab-8c35-1ad2523755aa'),
 ('{8F9E1C1A-34A2-4C68-AFB3-A2B1B57494F9}',1,NULL,NULL,10,'7695d6aa-443b-4802-9804-6414fffaef57'),
 ('{90142F04-8C4C-4417-B3A0-C6084064489F}',1,NULL,NULL,10,'432dcd07-c84f-4f56-becd-00d0b10aa848'),
 ('{913CB6BA-0D8F-41B4-8577-4B66E5D1E187}',1,NULL,NULL,10,'eebca146-5a2a-4489-a61c-508cd5cb7f46'),
 ('{92572799-1FE7-4AF5-85EC-1B02145372DD}',1,NULL,NULL,10,'55a8d596-441f-43ae-8178-1e88e3bc5705'),
 ('{92FF5E16-7600-440C-8F65-6B0607B9A586}',1,NULL,NULL,10,'8c1d158a-798b-4ab9-ad89-41da65482154'),
 ('{9357707A-2E16-4F92-A75B-461061A8598E}',1,NULL,NULL,10,'aa7af529-cfc4-4226-b9c5-efaea3c5068d'),
 ('{95F51B06-BA2F-4B52-B6BE-579214F055A7}',1,NULL,NULL,10,'7f3b7f4a-7f4d-46ab-895f-d168a330afad'),
 ('{96F1F8B0-3B88-45B6-9F8D-6ECCE79987C8}',1,NULL,NULL,10,'2227bbc8-2e0a-4145-875d-8e2cf647440f'),
 ('{98E28C84-25BA-4398-B046-6264F7080108}',1,NULL,NULL,10,'f257e314-91d1-4ca7-a956-7da9ad591faf'),
 ('{9C7DEA27-AC81-4E24-930B-58F159B3786B}',1,NULL,NULL,10,'ee27a327-0958-4337-af23-3d11586c216c'),
 ('{9D479865-4248-4B87-999C-4E27664566B7}',1,NULL,NULL,10,'81ee579a-ad93-4cf6-8b85-0fd1dc2c215d'),
 ('{9E89F251-B1F3-40FA-89EB-039B8A595A27}',1,NULL,NULL,10,'11a11eda-950d-4576-851c-8ced355fa8f3'),
 ('{9F92CC2F-4CA1-48A9-AAC6-F958E4107407}',1,NULL,NULL,10,'e9d06f51-6f54-4f50-b9a9-2e3bc48b9c57'),
 ('{A25CF15E-E3FB-48E1-832C-59A385AD21F8}',1,NULL,NULL,10,'71fd9149-ad37-4a8e-9403-8b29ee40af8d'),
 ('{A4026E63-9396-48B4-B739-87FED0B53C07}',1,NULL,NULL,10,'483d331f-0004-4514-9536-095a08aefa35'),
 ('{A4BC899E-C10A-44D5-967E-BEF66C2AA1F8}',1,NULL,NULL,10,'e1299f39-5e09-4bc2-9393-b7e8f42bf940'),
 ('{A5819D95-E7E4-4826-9BF3-4D47AA639D05}',1,NULL,NULL,10,'c35e524d-31a1-411d-b8e4-f69405f42cd1'),
 ('{A60B0F42-4DBF-4E02-838E-DB7AC6555F5F}',1,NULL,NULL,10,'9d297ea5-b6ac-48c9-b6ba-2bfd8bbd97f2'),
 ('{A84F27FC-01AF-4DAD-9B39-C39A965A9B8E}',1,NULL,NULL,10,'7aa6c133-9a68-4b5c-819f-71150ed5459b'),
 ('{A8CA645D-DDE9-415F-B576-8E1C9FAC33B2}',1,NULL,NULL,10,'d7232e04-0d31-41df-8e6d-b5e7e89d40df'),
 ('{A99029B7-43B8-46C2-9DCB-1C4C49B02495}',1,NULL,NULL,10,'a7d8be3a-9fda-40f7-b7ec-dc60a1b1d8ca'),
 ('{AF4340C4-F2E6-40E7-947C-D36C111D966C}',1,NULL,NULL,10,'e3438019-d75f-4f1a-b997-aa239afd7c58'),
 ('{AFDDF9A1-56CB-481F-AEB9-87F2FA3A3F64}',1,NULL,NULL,10,'0c1f9a2d-3185-4fe1-9bc4-c663b28e3b0d'),
 ('{B1B4F4DF-72D8-47EF-8075-4AC61B81A829}',1,NULL,NULL,10,'992265b3-6ece-4bc3-850d-9f1233913f0d'),
 ('{B36C006F-128A-4DE0-93DE-6A40F1E46F36}',1,NULL,NULL,10,'41abdeb0-aef9-4436-9c98-983cc8878896'),
 ('{B5BD6E46-D491-4257-9FCF-E9D5E0D301B5}',1,NULL,NULL,10,'64495c9e-c228-4b5e-a93c-5abb2c114d61'),
 ('{B6DBC231-6002-4D67-A298-4E6673FA481C}',1,NULL,NULL,10,'d844b05b-4cee-4c03-be39-e8718b593ae3'),
 ('{BAE30E9D-C35D-43CA-A286-0F97888D6222}',1,NULL,NULL,10,'456a2f53-ae08-421d-90e3-c6dde0246940'),
 ('{BDA4B83A-31E1-45A1-9BBE-757E559B29F8}',1,NULL,NULL,10,'35c8d5ea-d527-4abc-8ab9-78d226943eed'),
 ('{BEE1FE9B-846D-4D1B-835D-5A0C1D56A448}',1,NULL,NULL,10,'54c08c1c-9ffd-4aaa-a272-88a41853c3c3'),
 ('{BF55CBBE-C9AB-4122-A8B5-178F4A60689C}',1,NULL,NULL,10,'049e7f43-2a18-4ffc-a2cc-6780105eb31d'),
 ('{BFEE56E2-D3D8-4E90-899D-8124A25F4014}',1,NULL,NULL,10,'c476126b-61a2-47c6-ae00-7f5374eef514'),
 ('{C0AFFD54-4BB2-4CAE-A89B-133D01C0A6BA}',1,NULL,NULL,10,'ba1d94a4-7cf0-47c7-b4b4-790d7c259df0'),
 ('{C0B1E67D-BFD9-462B-8153-D4B0EAE137DB}',1,NULL,NULL,10,'b7e5adb5-72ed-416f-903e-ab4befe4cae0'),
 ('{C43CCA5B-5FB9-447F-AFC9-B21E85440D7A}',1,NULL,NULL,10,'0af506fb-8407-4435-9d68-0ec306b006a5'),
 ('{C69F8B93-E5C2-4A60-9875-25777E222DAC}',1,NULL,NULL,10,'5b0237ce-2257-4b40-8fac-4a8f68c62f53'),
 ('{CA49E4AF-7CB1-4544-9378-599B83959795}',1,NULL,NULL,10,'e5c8a8d9-07c4-4dc9-8b74-35260448891d'),
 ('{CC6EB37F-17D1-472B-9881-9A9B6A8451FE}',1,NULL,NULL,10,'c7dab9bb-1249-4767-bd31-41142781ce31'),
 ('{CE7921EA-5D0C-4674-8BAF-FF1B80BE1E02}',1,NULL,NULL,10,'f232559e-d10e-41a4-be8b-fd242045fb56'),
 ('{CEDB28C5-94A0-43CE-9E8D-7ECEFA000973}',1,NULL,NULL,10,'8ded0eef-4d60-4708-acf0-da74378e7560'),
 ('{D011D3F6-4709-49FF-ABD6-A68ABDA424AE}',1,NULL,NULL,10,'691dc1cd-326d-46b0-a660-5e9510218351'),
 ('{D3AAB2A0-E10E-4B3C-9065-164C83CA2853}',1,NULL,NULL,10,'32a4a343-5999-4fae-aaa3-1f0b3c69db24'),
 ('{D4CA07FC-3DDF-45E4-916F-E53393DE5802}',1,NULL,NULL,10,'63babcfc-5136-4095-97b2-f38d5d3b0177'),
 ('{D7C79ED9-AB0A-4F22-9669-0B3CF0CFB8F9}',1,NULL,NULL,10,'e7063bf1-8071-4eef-a8ca-f70ffd324545'),
 ('{E006C04A-6C51-49C3-8452-627B82EF5359}',1,NULL,NULL,10,'5a7683bc-7dfd-4b3a-8283-4bb9f5c7d9f2'),
 ('{E1F8B88A-FE81-4060-B77B-E37568C77A33}',1,NULL,NULL,10,'e5f0aec8-3f19-4632-ba03-da3f7f7b2ee3'),
 ('{E5306E91-B7C9-4AB8-9765-57E91BC50CCB}',1,NULL,NULL,10,'35c5bd7d-ad2d-430e-833d-b2e9c8a3f0ae'),
 ('{E699F00A-190D-4503-8625-C213A4B0B65B}',1,NULL,NULL,10,'bb534a19-fe67-4d16-b543-a2b6a987e047'),
 ('{E825AC9E-7580-4153-A077-0D75DE05A297}',1,NULL,NULL,10,'dc9b5ad1-b377-4aff-a552-0b3438425e02'),
 ('{EDD25229-A837-45E7-966F-0AB8ECC4EFAB}',1,NULL,NULL,10,'9c6ad05f-d95f-44d4-bee6-e08346c4e25e'),
 ('{F2F81A80-6DFF-4A86-B6C0-1A6FA2DE759E}',1,NULL,NULL,10,'5bfa506a-6487-4d7b-b0e4-a3d6ba93ff8d'),
 ('{F8426701-8E02-461E-817A-3587B5EB3E14}',1,NULL,NULL,10,'ae37f7a1-9792-49c7-94e6-0400d17ea22d'),
 ('{F8D8AC33-DA4A-4E05-B285-F1A0EBA5CAB5}',1,NULL,NULL,10,'445b252b-12a5-45d8-9775-3ef70786e908'),
 ('{FA28ECFD-33B3-49FC-86C3-F98BDCEB0514}',1,NULL,NULL,10,'b5ba16bc-8daa-4900-9f89-2271bcf26b31'),
 ('{FAA4FB38-A0E3-48B7-B771-F3F335B6DC48}',1,NULL,NULL,10,'73ed73d6-4631-4572-bbd4-52990bac3ff5'),
 ('{FE8A3304-5385-441A-849F-3AC64B917824}',1,NULL,NULL,10,'eea2bf9c-1071-43f7-b0ff-bfc5173d0eb1'),
 ('{FEC63E74-3712-4451-821C-A940C5D4F67E}',1,NULL,NULL,10,'7f1abdce-8151-4353-acf5-2f41514235b5'),
 ('{FF7A62AB-EC33-408B-A547-EA8EC46E1F59}',1,NULL,NULL,10,'c953b48a-9a10-43a8-89db-049e4a8e3b62');
/*!40000 ALTER TABLE `filledcircle_concrete` ENABLE KEYS */;


--
-- Definition of table `filledcircle_table`
--

DROP TABLE IF EXISTS `filledcircle_table`;
CREATE TABLE `filledcircle_table` (
  `FilledCircleID_field` char(38) DEFAULT NULL,
  `Colour` int(10) unsigned NOT NULL DEFAULT '0',
  `ShapeID_field` char(38) DEFAULT NULL,
  `CircleID_field` char(38) DEFAULT NULL
) ENGINE=InnoDB DEFAULT CHARSET=latin1;

--
-- Dumping data for table `filledcircle_table`
--

/*!40000 ALTER TABLE `filledcircle_table` DISABLE KEYS */;
INSERT INTO `filledcircle_table` (`FilledCircleID_field`,`Colour`,`ShapeID_field`,`CircleID_field`) VALUES 
 ('{03EC9028-9995-4B54-B14A-4DBA93AD8752}',1,NULL,'{03EC9028-9995-4B54-B14A-4DBA93AD8752}'),
 ('{3CFBDC65-B9A5-4D81-B8E4-BEAB5133AFD1}',1,NULL,'{3CFBDC65-B9A5-4D81-B8E4-BEAB5133AFD1}');
/*!40000 ALTER TABLE `filledcircle_table` ENABLE KEYS */;


--
-- Definition of table `mockbo`
--

DROP TABLE IF EXISTS `mockbo`;
CREATE TABLE `mockbo` (
  `MockBOID` varchar(38) DEFAULT NULL,
  `MockBOProp1` varchar(38) DEFAULT NULL,
  `MockBOProp2` varchar(50) DEFAULT NULL
) ENGINE=InnoDB DEFAULT CHARSET=latin1;

--
-- Dumping data for table `mockbo`
--

/*!40000 ALTER TABLE `mockbo` DISABLE KEYS */;
INSERT INTO `mockbo` (`MockBOID`,`MockBOProp1`,`MockBOProp2`) VALUES 
 ('{772308FC-E50F-4077-84E3-540556626ED3}',NULL,NULL),
 ('{BDC9319C-4AE6-47D7-8954-D4E4E4B205A6}','{53D61446-776D-4DEF-AC18-2714E9150BCF}',NULL),
 ('{7A757559-72D0-47AF-AA4B-A8FD82CA14B0}','{4DB73548-44EB-415F-96CC-76F9282485FD}',NULL),
 ('{5FE64A9A-E0A5-4027-924A-7A8A6992C62F}',NULL,NULL),
 ('{383EECA3-AB36-4F23-B9D9-7B7E2812BA57}',NULL,NULL),
 ('{5EF3FEB0-890D-498A-9305-E9A3A6E807F4}',NULL,NULL),
 ('{846BF6E6-4C46-4038-98E0-95B7549BBA12}','{97ED967B-2878-46E4-80BE-2F80AA621694}',NULL),
 ('{BE0ADB66-F791-41CE-A581-D757D7BCEEA7}','{A8F0E729-FC7A-45CD-BC90-56BF86A58F29}',NULL),
 ('{A50CFBA2-2756-49B7-9936-E08175A2E903}',NULL,NULL),
 ('{B51A7CC6-B3B1-4FB0-89E5-2C9F64B61889}',NULL,NULL),
 ('{4B47AB3F-01AC-4F2E-9ED8-6BA332A3BC2C}',NULL,NULL),
 ('{742BF343-5BAE-4581-8F81-C581A3604902}','{A4AE7B61-74CD-4849-AABF-89D3E68A2C62}',NULL),
 ('{EC24CC5D-7E8C-4663-95A0-0DC74A489135}','{0D37EAAE-16DC-465A-9A1A-F5EADBE7E70E}',NULL),
 ('{5264A5BC-A488-4667-9B53-5FD3468A635A}',NULL,NULL),
 ('{C70F76FE-4543-4CC5-9BA1-2B50E8D1B320}',NULL,NULL),
 ('{2A3C22FA-990E-4BC3-AD88-6FC793CA4DC7}','{3A5834A3-2A1D-4604-A81B-49D9481746E2}',NULL),
 ('{A1597FA8-57AA-46E9-A33E-DC4E11B394C4}','{B6DC9382-0D69-412C-83F9-71F54E8EE18B}',NULL),
 ('{5CFBCF69-5507-45F1-BEA3-2A11623D2BB7}',NULL,NULL),
 ('{4145E680-8913-4121-B51D-CA84A29BCD17}',NULL,NULL),
 ('{E436BC78-BF97-43C4-A9FB-44D48FD674C0}','{A3E76844-7DCB-4989-B4C8-DDE56D3AE9DA}',NULL),
 ('{37A873DC-2139-4F85-BDBF-DA83B2A19203}','{1D1D134E-5391-4F56-90DE-9AA34122851E}',NULL),
 ('{AB2EC72B-3518-4481-A415-E43FC49D2B9B}',NULL,NULL),
 ('{EB7E239B-55D4-4F55-B540-0EDE07EC608C}',NULL,NULL),
 ('{F8E5D22D-3730-452D-B92C-DBBD1CC17218}','{C633CDFF-EE2F-4D4A-879F-593656E5E742}',NULL),
 ('{334640B8-F374-4D7F-AACE-BC31753DCCD9}','{07A32FB4-6073-4A9D-992D-4FBF4DBB7244}',NULL),
 ('{3CBB6BA1-57BA-41C6-B69E-4E8E11645C35}',NULL,NULL),
 ('{84708832-8B10-4809-BCE4-582C8BB6FADC}',NULL,NULL),
 ('{0B5535E2-4417-4184-BFBE-789DCA62239E}','{DDFAD8B2-65AE-4FF2-91A9-837202F5B1E2}',NULL),
 ('{72A541DF-32B3-4934-8DF7-A58A2BE44D1C}','{E92A359F-4D29-4296-B653-C8EE6943D7C5}',NULL),
 ('{4202A6BD-6A51-48A8-92F7-AFCEC303D241}',NULL,NULL),
 ('{AA54C110-05CF-446F-A406-4BDCB183BADE}',NULL,NULL),
 ('{3F0BF28A-6302-400E-8196-4D30D53AF5BF}',NULL,NULL),
 ('{A766D2BF-50F5-4A69-8EE7-B9C2A59561CA}','{632D25D6-965C-4180-BECA-E9BB59111FD1}',NULL),
 ('{CD0B710C-608B-4DE7-87B6-6F04691C4880}','{D4A6608D-4B57-4E1E-8FF5-3652AB81FE8C}',NULL),
 ('{BF20639A-E687-4B56-AC44-3F654D54A498}',NULL,NULL),
 ('{1DB0046F-DE30-4F06-B03D-BF8910B09871}',NULL,NULL),
 ('{916B6DDF-7671-41E0-BFD8-75AB1AEF706B}',NULL,NULL),
 ('{2E4B1BEA-A033-4B6D-86ED-570B58D60699}','{6AA2979C-4368-42BE-90DC-52D3A0400455}',NULL),
 ('{85ED5AD3-6532-4CA0-9996-AF203E696C59}','{84EDD0F9-E1BE-4365-B670-8695321AF97C}',NULL),
 ('{471079E4-2C9E-448B-8607-CB54AC9AE9EB}',NULL,NULL),
 ('{0B3AFA86-6494-4D42-A470-09CFC2679F2B}',NULL,NULL),
 ('{05F6D26F-4AC5-4AEB-8F2E-ACD5458C74E1}','{0426A239-3F69-43F2-882B-C3BA1790C307}',NULL),
 ('{278F9B77-9F7B-4883-8837-808E14B0C8D3}','{D24C1067-D3A8-48E1-82E7-8AB99481B1AD}',NULL),
 ('{A1CB18B3-D2CC-4ECB-A9B3-817590BA8F5E}',NULL,NULL),
 ('{9B66DEBC-59FD-4FCB-B328-499929DDA887}',NULL,NULL),
 ('{723F1649-4F9F-4372-9A59-D21AEBA01364}','{583FF00F-9DF7-4BA7-A51D-642F0665E215}',NULL),
 ('{5C365CFB-B8B9-4E82-9AA3-CEB4652D64E0}','{6159F957-ABBC-4B24-9108-A48AA39693F4}',NULL),
 ('{746CA22E-7C2A-49FD-9C55-6C594D3EA4D5}',NULL,NULL),
 ('{FA57885C-20C3-477B-9CCE-80B4A54480D4}',NULL,NULL),
 ('{B731B1AA-CD95-48B9-841A-26CA0AFECB29}','{6D8BA25B-5D9A-4C56-92D7-E01F7AEFB321}',NULL),
 ('{DF7BC271-E9A5-4AE8-AE31-1AF85E7A01F1}','{551B749E-C22E-4C04-9878-3BA8812ADFBD}',NULL),
 ('{DC221456-AA74-40A9-8702-A98EB0FB56AE}',NULL,NULL),
 ('{464EE8D8-EF40-4E02-9C34-87210435411B}',NULL,NULL),
 ('{9F46EB7E-7792-43B9-89F1-BA60F68F0406}','{59015708-C984-4210-A290-7FF96401E035}',NULL),
 ('{44A93237-82FB-431F-B6DA-A46A26329EB4}','{F5466EED-4374-47F5-83A5-9517DF25E06F}',NULL),
 ('{44E7E86B-3BAD-42C9-8D68-2A6BF55425EB}',NULL,NULL),
 ('{8C89E8BC-335B-4F85-9E65-6E53EB023EB3}',NULL,NULL),
 ('{CB0059BB-C8E6-49D0-B4EC-E8443AA6A4B1}','{0F35CEC7-965F-4A1F-AE7A-74DF81C16DA6}',NULL),
 ('{A1C01C4E-E0F1-4E6F-8918-843B5568E440}','{348415E9-9277-45AF-A80D-9764294E1C44}',NULL),
 ('{EBF53203-EEDB-47D8-9B8C-E68BCB27306C}',NULL,NULL),
 ('{9C9EEE40-73BE-4169-994C-27D733C4FA9B}',NULL,NULL),
 ('{F40A6691-D898-4B57-994F-63E37CE20389}','{E081FD41-0832-4F60-BDE2-F5BB578CF929}',NULL),
 ('{5E1E36C2-1A06-4021-BA5D-D0645FBEA7F8}','{28922124-C7C8-44AB-B120-9EC331882709}',NULL),
 ('{9C97C18B-36CF-4B75-A51A-67869D6B925A}',NULL,NULL),
 ('{A1F2ACB3-FB11-4876-9FDC-74A320D172E6}',NULL,NULL),
 ('{E95A598C-5DF6-43F0-9CA4-CF499CF243F7}','{8763F40D-4536-43F9-A567-7E4F263BDBA2}',NULL),
 ('{F4CC791B-0AF3-4405-97B7-4EEC6ACBC6CC}','{51675D8B-1BAE-4D4D-B88E-12516D730013}',NULL),
 ('{7237E62C-4E97-4CC6-B260-43BBD9FB3984}',NULL,NULL),
 ('{24198ED6-74A5-45B4-8265-220F6EDB9B4F}',NULL,NULL),
 ('{3F924F81-6568-4159-ADC6-9D7724E23555}','{C6EE701C-90C2-4711-AAD8-1310A72ED248}',NULL),
 ('{309FA1FB-D71F-4AA3-81E1-5948FB7877F8}','{4812B84F-7CB1-4B1A-BD95-BADC177C96E4}',NULL),
 ('{601CA31B-F02A-4449-8443-FFB766D3B9C8}',NULL,NULL),
 ('{05008EA1-8B62-43F6-A830-3AE69ADF5184}',NULL,NULL),
 ('{A8A422E4-EFEA-4C31-8AA7-BE636E968E99}','{C76733ED-A94A-4352-B345-369D6C2BA4C7}',NULL),
 ('{CE76EA34-D1AA-4408-94D3-F3CD6C2B1FB6}','{87F02ECA-8BBA-4688-AAB2-3CB6C8745F58}',NULL),
 ('{9C102782-4148-4550-BC95-74EBF4464340}',NULL,NULL),
 ('{32138EED-1591-435B-AD6F-67F77A4FBF5B}',NULL,NULL),
 ('{02E2C035-11A7-4C65-83C8-A1DDEFD0F5BB}','{B74020FB-BE66-4A79-9642-F9CD0A7A5BCC}',NULL),
 ('{0EB771E9-7A14-40A5-9E23-D18EA592A4C0}','{A07DFBE7-16AB-4ECE-9005-91C934DD3888}',NULL),
 ('{897AA5E0-481F-4D9B-A9CB-CB381E8F674F}',NULL,NULL),
 ('{06A2BBF2-9DB7-4D3E-8320-A0E8E311C82E}',NULL,NULL),
 ('{4E347286-4936-48DF-8917-709F987CD76C}','{D925F43D-1595-4AE8-A4D1-5D21DEEE5E5F}',NULL),
 ('{EFCF0433-1BC0-42DF-8DB0-F6F06B98ED27}','{F5027738-D834-441D-880A-DB6628FD7383}',NULL),
 ('{A83B000B-B3E2-4BB9-A7D9-783E9DB08F04}',NULL,NULL),
 ('{E7CDC4B8-6C42-409B-A03F-46DDCE3CBE0F}',NULL,NULL),
 ('{45BF9502-69B9-4442-8AAE-FF424B8DC3A9}','{69C58529-CFE0-4F73-9E92-C2B56B31FF04}',NULL),
 ('{09BFEE2A-A6D3-4AC3-9437-5C2F3736DD3F}','{A965F9E0-B964-421E-9623-D333686E6574}',NULL),
 ('{6ACC012F-F0A8-440C-BB6F-CCCC1C3DE2DC}',NULL,NULL),
 ('{F9DE39F7-D64A-413B-95D5-8A0B0A1462D2}',NULL,NULL),
 ('{043405C2-724B-4CFC-9029-A79D81714E43}','{9A5756F7-F0B4-4F9A-9E83-DE324F438980}',NULL),
 ('{103A76A6-0BA1-48A7-A3B2-9ADCE2B6F06D}','{612D7BBC-5E10-49F4-8010-7B866D5F8DAF}',NULL),
 ('{7E233539-4A46-4443-8088-87C5D03EC9D2}',NULL,NULL),
 ('{7D4E395D-D77D-4CC7-9AE0-2D57C62B6C17}',NULL,NULL),
 ('{076ED8C2-1E8F-4C5C-A7D2-F38C7C2D0957}','{60D19B26-1394-4933-99EC-7B82D4032081}',NULL),
 ('{87B403B2-2DB8-4835-9514-4CC090F67156}','{C6E56BB4-50EE-4810-A38A-C896537128BA}',NULL),
 ('{14E24D25-E26F-415D-BC1B-2723AA513E0A}',NULL,NULL),
 ('{8A926997-DD23-4CF0-BD24-55EC7D683814}',NULL,NULL),
 ('{25D14C3D-68D9-4019-B748-4E40BC07EF2D}','{6D56B44E-F918-46AA-B440-4EC6524527BD}',NULL),
 ('{EE22230C-A3EB-4EFA-8082-9B25FA6F6E04}','{41FF0178-C871-49EB-9D8B-478AB34B91BF}',NULL),
 ('{25A2728D-A4CF-47FC-960A-B215B51C33D3}',NULL,NULL),
 ('{F093D8E9-3D12-44BB-9B5A-7E51F9A88ED6}',NULL,NULL),
 ('{7C8A7C0F-9C38-4A43-848B-37E03CD78E53}','{43E3042E-5EBE-4243-8FB8-4223931CE768}',NULL),
 ('{17324619-D69D-4306-A6CF-843B647AF03B}','{7336BB13-5254-44B9-A6F9-59F1A11CBEE7}',NULL),
 ('{CC513E0D-DAAC-41D9-B114-E5E493DE57F8}',NULL,NULL),
 ('{008108B0-7D1D-443D-BF5A-EC35C44E8901}',NULL,NULL),
 ('{2F315C5D-0F53-440E-94B7-5C0383636F2E}','{8E3F7084-9D7F-4591-B367-8384760A89BC}',NULL),
 ('{83ECB0B5-8B07-4090-96F5-56CC1436C1D5}','{97190C31-D70C-4AA5-90A1-F770A2A1A8EF}',NULL),
 ('{A352E8A9-59ED-4643-832D-FF349ADC02FA}',NULL,NULL),
 ('{E13AA2D8-2B9E-4224-9441-45DFE733BC5A}',NULL,NULL),
 ('{3D58D0BF-5CAA-4A1A-8E5F-0AD4FBD25CF1}','{0EB29431-ADBB-4242-9B83-9CD0C3C9C228}',NULL),
 ('{DAE571A5-8BAB-4A46-A516-69BCF6F3E16B}','{97D257EF-B4DF-4D90-A9EB-4B68B991BD45}',NULL),
 ('{7ED851BF-0C9B-498E-A61E-80F7C219B2A5}',NULL,NULL),
 ('{AF9C9BDA-4171-4D6D-8168-0604B63D4EE7}',NULL,NULL),
 ('{CED71CE8-5D78-4BAF-A2A4-8CBFC17702FA}','{8E010FE9-8AB3-4098-B87F-E6A10E5DBF9C}',NULL),
 ('{45376CA4-C722-4EB6-97CC-AFB9608011ED}','{31FBD1DD-0EC2-4A83-8190-3BBE9A489D56}',NULL),
 ('{E899C9E2-3FFF-4616-9CE9-9D57B9ED7D9B}',NULL,NULL),
 ('{F4EDB96D-7BD6-43E4-AFE3-3DC8FB738F74}',NULL,NULL),
 ('{3D98A559-AD89-4B74-9D73-C60F3BBC30F8}','{89175651-B2E6-4446-9F96-93C1C51D9A23}',NULL),
 ('{BA5AF91A-D7BB-413B-ADF9-BD989C506FBA}','{340CAE0D-6427-413F-9A4E-6EAB66DBE4E3}',NULL),
 ('{68112A62-5D96-47E1-8BDF-E63577F1A942}',NULL,NULL),
 ('{F4FD8FD9-5F2C-437C-A2A1-593C4BFAD417}',NULL,NULL),
 ('{E11DB153-3A5C-46BF-A125-D1CE7C6C1D03}','{91FA39FB-2CD2-42DE-8ACA-1E1F50E44A00}',NULL),
 ('{1ECB142F-81C8-406B-B9C3-36B7705CAD75}','{D558EBC6-368A-4422-ABA2-E8EA95C5F908}',NULL),
 ('{97E06E89-8C25-412F-9812-F948220BE3FE}',NULL,NULL),
 ('{17ED0CD9-EB7A-4561-82A3-AF689650703A}',NULL,NULL),
 ('{AE6F37AD-9C5B-448E-B511-E6C9B38335D1}',NULL,NULL),
 ('{856EAEA3-5792-4D10-9A9B-B764AFA25A48}','{D06D0B70-38E5-46E4-87A8-508C0B58898F}',NULL),
 ('{17987010-A9A3-4381-80E5-9896472AEAE1}','{B709EA6E-EAB8-433A-BD10-C53D489EBAEC}',NULL),
 ('{F4F8CD9C-8182-4BE1-8C00-22D3F4DF7BF2}',NULL,NULL),
 ('{8D7A5A1A-31EC-465F-8337-891276C43CA3}',NULL,NULL),
 ('{398D4635-43B3-4321-A36A-026404BDCC0F}',NULL,NULL),
 ('{9CA31D76-5BF4-4509-BEB0-A6DBBB20F01E}','{3D58C8C2-FDE5-41F4-8392-CA1B702F407F}',NULL),
 ('{F5688696-1E4E-4D54-9BE6-A0EC331F3515}','{4E7C9031-870B-434D-B5CA-26C339A0320F}',NULL),
 ('{647570B9-B11D-4691-8909-825962729517}',NULL,NULL),
 ('{B8E15136-7BAB-4AA2-B0F8-9CF59D163B71}',NULL,NULL),
 ('{61309B92-CB45-4775-9A95-37C25B5113A5}',NULL,NULL),
 ('{DE914D1E-E2F3-4384-97B2-70B9A9C0B0C4}',NULL,NULL),
 ('{9CA74808-204F-46FF-B5E4-43D853CE2FBE}','{047471A8-F0D1-409F-AB8C-8E5AFF98AD04}',NULL),
 ('{9237BCA1-DD3C-4595-972A-3C60942684CC}','{E768D06C-BDFB-4303-826A-AFD855D5BFF3}',NULL),
 ('{7591DDEC-8C1F-4701-B592-59264A5CB968}',NULL,NULL),
 ('{A66B99D3-4B86-40DC-9538-E77DA70E615C}',NULL,NULL),
 ('{17413CC9-BFB7-4CC1-988C-0D53562F1DB1}','{35D8E814-E99F-437E-9230-FFDDDCA3FF00}',NULL),
 ('{76B1FFEB-93C4-4BAD-BEEE-24ABB45B0E33}','{26F5DE42-6E2B-43F3-A01B-59872C23507D}',NULL),
 ('{44277B30-2881-4CD7-AF42-6FFBDB24491C}',NULL,NULL),
 ('{6BE6B30D-E90A-4975-B43F-B66552371AF2}',NULL,NULL),
 ('{80899F16-8B77-4E71-BD31-0A1E3F7CD3B7}',NULL,NULL),
 ('{69C3DC94-E04E-4F4E-B541-EC6434CB3FD8}','{488C1136-DD22-4A9C-A72D-67200E68EB87}',NULL),
 ('{887DF89F-8D7E-4E45-9459-10F85247D77C}','{A9F419A6-7E73-49BB-9760-35545CC6BA58}',NULL),
 ('{B0C4DA17-68DE-4E3E-A227-7E26BA4545EC}',NULL,NULL),
 ('{91B88DC1-668B-4FA5-9967-BD3D7FB47231}',NULL,NULL),
 ('{D439230A-D1B6-4226-8A7A-204572858810}',NULL,NULL),
 ('{63EF368F-9A3E-45A0-B077-104D9F96F6B0}','{2874EEF7-0B14-4870-A133-4AB77FEEE10C}',NULL),
 ('{133CB2F4-368F-4160-A2B0-78DF4272F254}','{ABE5972E-8920-45AB-9805-17E9AFC49714}',NULL),
 ('{31081A86-879B-47B7-9F72-720056897DDA}',NULL,NULL),
 ('{FB1ECDF0-2950-4BAA-94B0-3D402BF720A6}',NULL,NULL),
 ('{D1899BC3-E663-4622-A85B-FB3CA72E52D9}',NULL,NULL),
 ('{2FAE6D11-1076-47CA-A669-ABB55FB2FC05}','{361E1218-CFFC-439C-8414-BB4B41A16347}',NULL),
 ('{77970062-9D1A-4AAB-AA83-DEC1E8E3DB63}','{3C7EBD8F-F6C8-485E-8FB2-A5B38961BE2A}',NULL),
 ('{00FC2C44-154A-416E-A08F-F470D2353698}',NULL,NULL),
 ('{020B78E4-4405-4D24-8205-8FC919B1E803}',NULL,NULL),
 ('{2862F6E2-B619-4AAF-A482-92DCEED87C69}','{EFA6C35C-D71E-425A-8904-6A6D61964AE8}',NULL),
 ('{989B2701-EF73-4E4D-9FA4-074AD2FBF2D7}','{D3145938-1B35-4B16-AE4D-C7EE6A02FB56}',NULL),
 ('{8C778F0A-0CB3-4C57-84E4-25370AE08410}',NULL,NULL),
 ('{02FC78C2-8282-48A3-8A89-F2DC2157F319}',NULL,NULL),
 ('{4828D1CA-F8F6-41F7-9971-8F0A2D2DD20F}',NULL,NULL),
 ('{BFB928CE-3947-4391-8085-C31EB5B6B9E1}',NULL,NULL),
 ('{8BDE5864-A23B-46E9-84DA-967758DACDCE}','{37EEB9A8-E036-4DC5-8967-16CFBF0F807E}',NULL),
 ('{79B97E58-DA1A-487C-B6C6-60AED4D9D2BC}','{E1EDE9E5-173A-4DCA-8972-D6F4403E2B20}',NULL),
 ('{71242272-2179-4E33-8409-8F9A073D59C9}',NULL,NULL),
 ('{BAFFD4CF-2BD4-487D-82C4-6ED726CAEA3C}',NULL,NULL),
 ('{9E3A5769-A191-4462-8423-3FE99E3333E5}','{2AA57C1D-535B-408F-A7E1-EC002E27F84C}',NULL),
 ('{063FEFE3-2B0C-4EAF-B440-D7D05BC39A19}','{B7F5996A-D36E-4A4A-9552-7D8536C0E38A}',NULL),
 ('{EA766B86-AE99-4A19-8BE7-9EAE6E7A6457}',NULL,NULL),
 ('{1684BCB6-6C19-4EFA-9ECE-3726307608DA}',NULL,NULL),
 ('{FBE2DDB7-521E-4D1C-B707-730173BF8496}','{DC9E3723-EC96-4580-B508-5BC30D078E9E}',NULL),
 ('{DCD73DF8-B956-4F20-B5EA-74EE58D24D31}','{4CB07B01-D5CA-49ED-A242-1D86E3685EC7}',NULL),
 ('{8CB1ADF6-D595-4295-8B43-2B55153BD193}',NULL,NULL),
 ('{16840B9D-CD98-4898-9999-B98DF85FB9D7}',NULL,NULL),
 ('{69FC3E6E-E1E2-44FE-8DCC-8EA008E3CB00}','{D11C61A2-DEB2-4093-AB74-FBC4191CFE7F}',NULL),
 ('{8C466644-DE2E-4E44-B3B6-A26E810DF998}','{F9792DF9-B839-4B62-A4D1-04728DA99453}',NULL),
 ('{04D42B66-99AF-4124-9912-9C396B0592C3}',NULL,NULL),
 ('{C50E89AD-11B2-474E-AF25-21E9761CDB81}',NULL,NULL),
 ('{7BD46B3D-6B13-4BFA-AE80-6DE57B06E164}','{96181768-6802-4512-8185-848E0AE01519}',NULL),
 ('{E715BF7D-45BB-40CF-B868-23F09E1B8B7F}','{5B6428A0-9FE3-4A8A-826B-8E1E30D303DB}',NULL),
 ('{F01CC0D5-3AED-49BE-AB09-77D0BE15B17F}',NULL,NULL),
 ('{84AC9E4D-BE80-4FDD-BEF1-942248ECA61F}',NULL,NULL),
 ('{900AFFBC-4A80-4366-BF71-0524CF25A954}','{C71F6BF9-47A2-4C81-966B-EC98C5F0957D}',NULL),
 ('{E42355CC-E60B-413A-8F42-A8864EA56C91}','{0330D6BB-FEA6-450B-ACCC-A82283EFE932}',NULL),
 ('{D23BC6D4-B162-44B5-A052-B0885DBC8C55}',NULL,NULL),
 ('{19F86644-2AD8-4575-ACB6-4CDF0F0B02F0}',NULL,NULL),
 ('{3845121B-983E-4959-B152-F86F3DB8398E}','{95AD583A-7C68-4BAD-B8B1-4E2A2A2B1027}',NULL),
 ('{4D51506A-A158-42F3-AC31-D992C23835AC}','{1514B69E-2C6D-4235-8B8A-05F5147E4BA2}',NULL),
 ('{5E96CB8B-4742-4323-839B-73B925CB6E01}',NULL,NULL),
 ('{37AD1EB6-B056-4976-8A47-8BC66BD95EC1}',NULL,NULL),
 ('{9141B040-FC4D-4421-BDE6-6F56EDEF0A55}','{0162683B-5387-4857-AB40-426029E0825B}',NULL),
 ('{5C4C9493-1167-46D4-AB51-C15C816A0186}','{54421B63-8838-4672-9468-C987CF5ED723}',NULL),
 ('{8581957C-87C1-47B8-A277-FEB0D68FA907}',NULL,NULL),
 ('{B21022D3-818C-452B-A070-BA7E0F7432FF}',NULL,NULL),
 ('{34149D15-EC68-46DE-91C9-522EC3A7A88E}','{CE147E27-5795-4BFD-BE38-4AE92E80AC83}',NULL),
 ('{FF491F16-F651-49EC-83FA-273B217C125C}','{3734CC08-0946-4326-BD29-16D1D09EE68C}',NULL),
 ('{49EC4D5B-5865-46C7-B138-C8193D62BA0C}',NULL,NULL),
 ('{A1E7D450-4B8D-4571-8FCE-B59938D33194}',NULL,NULL),
 ('{80E600E6-ACE9-4657-AF6F-C7FEE51FAEBA}','{E41DC854-B739-4411-9DE4-D1990F5922FB}',NULL),
 ('{67DAE125-3E7E-4FF3-80DB-0CF7877D48F6}','{4DEA6C24-B92A-4344-B06D-16E207B8274F}',NULL),
 ('{571E64C1-2F59-4270-B693-701823D030E8}',NULL,NULL),
 ('{FC090243-3EA1-47D8-8A4F-5551E3A2E001}',NULL,NULL),
 ('{1E9C8EDD-452B-407E-A631-57EB0960AEDA}','{104CEFA3-030F-4FE0-91B2-CFD9203B8741}',NULL),
 ('{E0B36137-ABBD-4B73-9871-1B81CC183D30}','{DCAC065E-A695-4CB1-A4B5-957BF009536B}',NULL),
 ('{1A76359B-3E38-448A-8A5A-95F1D9908BA4}',NULL,NULL);
/*!40000 ALTER TABLE `mockbo` ENABLE KEYS */;


--
-- Definition of table `mybo`
--

DROP TABLE IF EXISTS `mybo`;
CREATE TABLE `mybo` (
  `MyBoID` varchar(255) NOT NULL DEFAULT '',
  `TestProp` varchar(45) DEFAULT NULL,
  `TestProp2` varchar(45) DEFAULT NULL,
  `ShapeID` char(38) DEFAULT NULL,
  `ByteArrayProp` blob,
  PRIMARY KEY (`MyBoID`)
) ENGINE=InnoDB DEFAULT CHARSET=latin1;

--
-- Dumping data for table `mybo`
--

/*!40000 ALTER TABLE `mybo` DISABLE KEYS */;
INSERT INTO `mybo` (`MyBoID`,`TestProp`,`TestProp2`,`ShapeID`,`ByteArrayProp`) VALUES 
 ('{751ACD97-4EB5-41B5-81B0-E4A1C84C36B7}',NULL,NULL,NULL,NULL);
/*!40000 ALTER TABLE `mybo` ENABLE KEYS */;


--
-- Definition of table `numbergenerator`
--

DROP TABLE IF EXISTS `numbergenerator`;
CREATE TABLE `numbergenerator` (
  `SequenceNumber` int(10) unsigned NOT NULL DEFAULT '0',
  `NumberType` varchar(45) NOT NULL DEFAULT '',
  `UserLocked` varchar(45) DEFAULT NULL,
  `Locked` tinyint(1) DEFAULT NULL,
  `MachineLocked` varchar(45) DEFAULT NULL,
  `OperatingSystemUserLocked` varchar(45) DEFAULT NULL,
  `DateTimeLocked` datetime DEFAULT NULL,
  PRIMARY KEY (`NumberType`)
) ENGINE=InnoDB DEFAULT CHARSET=latin1;

--
-- Dumping data for table `numbergenerator`
--

/*!40000 ALTER TABLE `numbergenerator` DISABLE KEYS */;
INSERT INTO `numbergenerator` (`SequenceNumber`,`NumberType`,`UserLocked`,`Locked`,`MachineLocked`,`OperatingSystemUserLocked`,`DateTimeLocked`) VALUES 
 (1,'A075fe57486c94da199089d7e8f7fa579','CHILLI\\peter',0,'PETER','CHILLI\\peter','2010-10-04 18:30:06'),
 (1,'A14e99b8f41f7432c88d7df7b02af896a','CHILLI\\peter',0,'PETER','CHILLI\\peter','2010-10-04 18:33:55'),
 (1,'A15abde92503340beb2a75d2bd6c2deb8','CHILLI\\peter',0,'PETER','CHILLI\\peter','2010-10-04 18:11:46'),
 (1,'A2a513282b7244c59b76c7e1afb367a6b','CHILLI\\peter',0,'PETER','CHILLI\\peter','2010-10-04 20:14:21'),
 (1,'A3f738fffcf9c49148213c2d1828fdd85','CHILLI\\peter',0,'PETER','CHILLI\\peter','2010-10-04 19:33:25'),
 (1,'A4c28471854944085a31fc1caf9cb1038','CHILLI\\peter',0,'PETER','CHILLI\\peter','2010-10-04 19:45:58'),
 (1,'A6b2ce1a1c4f8497697873eec920294a9','CHILLI\\peter',0,'PETER','CHILLI\\peter','2010-10-04 19:48:39'),
 (1,'A7176fea6a1cb46f39fe480fc309373c1','CHILLI\\peter',0,'PETER','CHILLI\\peter','2010-10-04 18:11:46'),
 (1,'A7ce21aa44d724a2cb7dafb55a23f3df6','CHILLI\\peter',0,'PETER','CHILLI\\peter','2010-10-04 19:42:45'),
 (1,'A8ce4257bb9fe48c598f8f6ecde47d8a7','CHILLI\\peter',0,'PETER','CHILLI\\peter','2010-10-04 19:35:22'),
 (1,'A8dd44d6b18c94e9a98a06d57b7fd95b0','CHILLI\\peter',0,'PETER','CHILLI\\peter','2010-10-04 20:11:38'),
 (1,'Abbaef17cb4e045c3af72d35291bc3806','CHILLI\\peter',0,'PETER','CHILLI\\peter','2010-10-04 18:30:20'),
 (1,'Ac2d907097f0745b4b8d710e8e3b6c14c','CHILLI\\peter',0,'PETER','CHILLI\\peter','2010-10-04 18:59:36'),
 (1,'Adc160c02602e409987032470070b007c','CHILLI\\peter',0,'PETER','CHILLI\\peter','2010-10-04 19:54:29'),
 (1,'Aeeb9f499a9fa45c096b9e3505e16c7b6','CHILLI\\peter',0,'PETER','CHILLI\\peter','2010-10-04 20:18:38'),
 (0,'AutoIncrement(TestAutoInc)',NULL,NULL,NULL,NULL,NULL),
 (0,'tmp',NULL,NULL,NULL,NULL,NULL);
/*!40000 ALTER TABLE `numbergenerator` ENABLE KEYS */;


--
-- Definition of table `organisation`
--

DROP TABLE IF EXISTS `organisation`;
CREATE TABLE `organisation` (
  `OrganisationID` char(38) NOT NULL DEFAULT '',
  `Name` varchar(255) DEFAULT NULL,
  PRIMARY KEY (`OrganisationID`)
) ENGINE=InnoDB DEFAULT CHARSET=latin1;

--
-- Dumping data for table `organisation`
--

/*!40000 ALTER TABLE `organisation` DISABLE KEYS */;
/*!40000 ALTER TABLE `organisation` ENABLE KEYS */;


--
-- Definition of table `shape_table`
--

DROP TABLE IF EXISTS `shape_table`;
CREATE TABLE `shape_table` (
  `ShapeID_field` char(38) NOT NULL DEFAULT '',
  `ShapeName` varchar(45) DEFAULT NULL,
  `ShapeType_field` varchar(45) DEFAULT NULL,
  `Radius` int(10) unsigned NOT NULL DEFAULT '0',
  `Colour` int(10) unsigned NOT NULL DEFAULT '0',
  `CircleType_field` varchar(45) DEFAULT NULL,
  PRIMARY KEY (`ShapeID_field`)
) ENGINE=InnoDB DEFAULT CHARSET=latin1;

--
-- Dumping data for table `shape_table`
--

/*!40000 ALTER TABLE `shape_table` DISABLE KEYS */;
INSERT INTO `shape_table` (`ShapeID_field`,`ShapeName`,`ShapeType_field`,`Radius`,`Colour`,`CircleType_field`) VALUES 
 ('{7EDECD1C-81C1-438C-9176-F53A51930570}','6f599edd-20d3-474a-87ea-3a15f201f7e6','FilledCircleNoPrimaryKey',10,1,NULL);
/*!40000 ALTER TABLE `shape_table` ENABLE KEYS */;


--
-- Definition of table `stubdatabasetransaction`
--

DROP TABLE IF EXISTS `stubdatabasetransaction`;
CREATE TABLE `stubdatabasetransaction` (
  `id` varchar(255) DEFAULT NULL,
  `name` varchar(255) DEFAULT NULL
) ENGINE=InnoDB DEFAULT CHARSET=latin1;

--
-- Dumping data for table `stubdatabasetransaction`
--

/*!40000 ALTER TABLE `stubdatabasetransaction` DISABLE KEYS */;
/*!40000 ALTER TABLE `stubdatabasetransaction` ENABLE KEYS */;


--
-- Definition of table `table_class_car`
--

DROP TABLE IF EXISTS `table_class_car`;
CREATE TABLE `table_class_car` (
  `field_Car_ID` char(38) NOT NULL DEFAULT '',
  `field_Registration_No` varchar(50) DEFAULT NULL,
  `field_Length` float DEFAULT NULL,
  `field_Is_Convertible` tinyint(1) DEFAULT NULL,
  `field_Driver_ID` char(38) DEFAULT NULL,
  PRIMARY KEY (`field_Car_ID`),
  KEY `table_class_Car_Driver_FK` (`field_Driver_ID`),
  CONSTRAINT `table_class_Car_Driver_FK` FOREIGN KEY (`field_Driver_ID`) REFERENCES `table_class_person` (`field_Person_ID`)
) ENGINE=InnoDB DEFAULT CHARSET=latin1;

--
-- Dumping data for table `table_class_car`
--

/*!40000 ALTER TABLE `table_class_car` DISABLE KEYS */;
/*!40000 ALTER TABLE `table_class_car` ENABLE KEYS */;


--
-- Definition of table `table_class_engine`
--

DROP TABLE IF EXISTS `table_class_engine`;
CREATE TABLE `table_class_engine` (
  `field_Engine_ID` char(38) NOT NULL,
  `field_Engine_No` varchar(50) DEFAULT NULL,
  `field_Date_Manufactured` datetime DEFAULT NULL,
  `field_Horse_Power` varchar(50) DEFAULT NULL,
  `field_Fue_lInjected` tinyint(1) DEFAULT NULL,
  `field_Car_ID` char(38) DEFAULT NULL,
  PRIMARY KEY (`field_Engine_ID`),
  KEY `table_class_Engine_Car_FK` (`field_Car_ID`),
  CONSTRAINT `table_class_Engine_Car_FK` FOREIGN KEY (`field_Car_ID`) REFERENCES `table_class_car` (`field_Car_ID`)
) ENGINE=InnoDB DEFAULT CHARSET=latin1;

--
-- Dumping data for table `table_class_engine`
--

/*!40000 ALTER TABLE `table_class_engine` DISABLE KEYS */;
/*!40000 ALTER TABLE `table_class_engine` ENABLE KEYS */;


--
-- Definition of table `table_class_legalentity`
--

DROP TABLE IF EXISTS `table_class_legalentity`;
CREATE TABLE `table_class_legalentity` (
  `field_Legal_Entity_ID` char(38) NOT NULL DEFAULT '',
  `field_Legal_Entity_Type` varchar(50) DEFAULT NULL,
  PRIMARY KEY (`field_Legal_Entity_ID`)
) ENGINE=InnoDB DEFAULT CHARSET=latin1;

--
-- Dumping data for table `table_class_legalentity`
--

/*!40000 ALTER TABLE `table_class_legalentity` DISABLE KEYS */;
/*!40000 ALTER TABLE `table_class_legalentity` ENABLE KEYS */;


--
-- Definition of table `table_class_organisation`
--

DROP TABLE IF EXISTS `table_class_organisation`;
CREATE TABLE `table_class_organisation` (
  `field_Name` varchar(50) DEFAULT NULL,
  `field_Date_Formed` varchar(50) DEFAULT NULL,
  `field_Organisation_ID` char(38) NOT NULL,
  PRIMARY KEY (`field_Organisation_ID`)
) ENGINE=InnoDB DEFAULT CHARSET=latin1;

--
-- Dumping data for table `table_class_organisation`
--

/*!40000 ALTER TABLE `table_class_organisation` DISABLE KEYS */;
/*!40000 ALTER TABLE `table_class_organisation` ENABLE KEYS */;


--
-- Definition of table `table_class_part`
--

DROP TABLE IF EXISTS `table_class_part`;
CREATE TABLE `table_class_part` (
  `field_Part_ID` char(38) NOT NULL,
  `field_Model_No` varchar(50) DEFAULT NULL,
  `field_Part_Type` varchar(50) DEFAULT NULL,
  PRIMARY KEY (`field_Part_ID`)
) ENGINE=InnoDB DEFAULT CHARSET=latin1;

--
-- Dumping data for table `table_class_part`
--

/*!40000 ALTER TABLE `table_class_part` DISABLE KEYS */;
INSERT INTO `table_class_part` (`field_Part_ID`,`field_Model_No`,`field_Part_Type`) VALUES 
 ('{008FC645-579F-42CB-8E00-712AE7ED0ADA}','ea8ffe06e66643c5a9d2f495a8fd47c2',NULL),
 ('{05F43ECD-C9C0-42F7-94FB-436F118D86FB}','9e28106925e94bd5aca2917b87d1070a',NULL),
 ('{0810C62B-8036-4B46-A3F4-47DE6E4463A5}','9195cb572d404a32a78f6c414ba77a8e',NULL),
 ('{09E8ADAC-FD29-4589-AB2C-B0CC6A73E975}','27d60be54b3544eea30a83579ce8395c',NULL),
 ('{0D0E9107-0B86-4EB4-B15E-E985D5A11371}','51fbee95cc354317895ae6764bd178a0',NULL),
 ('{0FEB8B30-3CB3-41EA-B37D-E86BF86ABE1E}','cb0c2a06e0b945988b54b3f90bde9796',NULL),
 ('{10E7C469-AF61-4FCB-8B90-323DFB8972DC}','cd4ba2abdc72496b97e6be7705dc0fd5',NULL),
 ('{1B80D411-C469-44B8-B26D-C06948996A6E}','1fb69f7886a84e398e63081a3052cf26',NULL),
 ('{1C9EAC3D-B68D-437B-9417-D3AAB9F72BA3}','70985b023cfd4211b37b7bd08973256c',NULL),
 ('{1D22BCA8-964A-43A0-86C8-2AF5612B0AB8}','4e22334453124ac2b8233e17a9b02e19',NULL),
 ('{1DB6A37B-A026-4D98-9E23-F54276B64299}','c2ec862d8850446c80e6ebae89799e1a',NULL),
 ('{1E175358-FEA4-4CB5-8209-6AB76C84F019}','0045a2b613a44438b3891256fc4c45cb',NULL),
 ('{1E878574-A0E5-48EB-BE02-A6D222794FC9}','b733e90fcfe34e5daa737bf6d3c68720',NULL),
 ('{24594C0F-2A01-4DE4-B1C5-D103E04931F7}','5c4047ce3cb44cf68067fbbc40f101f6',NULL),
 ('{25ABB1EC-31EE-4C4A-94EA-56BFC3665649}','8e7874d6de1744b9b81513f1f9e7428b',NULL),
 ('{288273A8-A80B-42C8-AB1B-38D0DE5CD0E3}','994a85e573f648b58f632e479707943d',NULL),
 ('{2C02FFBD-175A-4807-944F-B41110DE978D}','c3d25dfa79a041b2ae1767c8bcd95e19',NULL),
 ('{2E70F543-350E-4056-A08F-9F097CB28F8D}','45e1c6715b924bd3b74b0ba2ad292d9f',NULL),
 ('{2F04AF79-4272-4169-A70A-7E1326F53F12}','f0576cf785074d15a11847ae34502542',NULL),
 ('{307C3A17-656E-44D4-986D-18E2369AC81F}','fc3f90c1ec694381a689b24604134465',NULL),
 ('{319D6F02-34C5-4A64-A848-3A41B5C0FE14}','cafd91ff4fbd41f7ad92d2fe2894b04d',NULL),
 ('{34E0AC23-15D5-4637-9BE0-84D1698B4949}','61f2279227024dd68d6c38d038955eaa',NULL),
 ('{3999FD13-41F0-4C01-8FC1-AF61949F3995}','9c41d05c0f444572b86b638f95eb05c0',NULL),
 ('{399C1DD8-47C2-4DF1-A873-1D3CA6006B39}','9eb4934a587a4d22b04ab7c58b618bef',NULL),
 ('{39E5A53C-AAF5-4817-9C19-10C536078000}','10514f61c3eb42c793e8038781c30511',NULL),
 ('{3B4A19F9-1E8F-4D6D-98B0-49AD85D4CDD6}','c190a7de2f0748b085fa0d923cb50b9e',NULL),
 ('{3E829A8F-DD18-4A36-8232-1B4923DAA269}','b897a3c386b643bb92e78e8951479041',NULL),
 ('{4026BCE6-014B-4461-ADE3-72551567F121}','451ed95665594a639cda0b4455e18d67',NULL),
 ('{405BA62A-FDD4-4249-A5F1-EDB60580EDDD}','915dae071069460c82e3dd4281039cd5',NULL),
 ('{4238E64A-1284-4673-BEF3-12C1F76E5749}','eb7095f766964f1599276f897dd29bcf',NULL),
 ('{43954C5A-F691-4E45-83DF-E31D9EB1031F}','a38cc77fa166429b93c70e34032bd9c7',NULL),
 ('{43AC0714-6422-4A42-885F-045AB7BECBCF}','da27be28c13e475ea196582720fba586',NULL),
 ('{43F584DC-EA9A-49F6-AA00-E4F570C95CF8}','04788bb1fd3b40298cd3c09f2ee77dda',NULL),
 ('{45C8B5AC-B509-4BA7-A65C-A69D46B3F502}','ee2481dda91c426e8839dbd7674ae59b',NULL),
 ('{45EA3200-27F9-462B-8639-52A0A8627277}','0af86d21023c4e25910c9bd6fc3ce402',NULL),
 ('{47780D9C-4F67-4151-B0F5-0E8D4FF99B39}','d0d4f6601aaa489fa59b1fe5b505ea58',NULL),
 ('{4CB74AB9-747C-4E36-8584-E804DD2408C9}','b707996bc92344a38b371d6e691caec3',NULL),
 ('{51390584-C16F-401E-8F27-DC8D9604CCAA}','b07ac777e5814f3cbf99e973db0f08d6',NULL),
 ('{519B176A-F092-48A1-9001-AC6B8C86CFDF}','3d3f1853801346e4bb2ca56053b9d433',NULL),
 ('{53DA4D97-629E-41D4-BFF6-7D185B1FD1A1}','0aebe1cbfb414dcfb2b74b60f60e0796',NULL),
 ('{56FB56FE-8662-489C-B7C8-8E766D682AD2}','ffb66cca4132434ba80ac8dd5b55c372',NULL),
 ('{5810AE58-63DA-44AF-973A-168B6326803A}','c94ed8d299f646f19b7532148868cc82',NULL),
 ('{59CD06F2-5030-46FE-AF79-A5EEE3B81608}','01e2d878413f4673b72af6f9d070e452',NULL),
 ('{5E36E505-DF2E-4D6A-8D46-3BC64E8B42E0}','e712f0f76dd84ea2a267c395b2b8e27a',NULL),
 ('{6154FB65-1B87-4198-93B8-53046A910E41}','2be89aa454f845ffa80cee0819ea5137',NULL),
 ('{66CCBC87-BEE2-449D-BC94-74FD482C0D4A}','0c14abd7bfc64a1486c00232d936021f',NULL),
 ('{67728BC7-CD2A-4A05-A847-7259DB81DED9}','2af8c9079de34b3d9715549889714190',NULL),
 ('{67AB6E7C-3BE2-400D-B0BB-C6814863073D}','f0b9c14b83a24b6580cdf0ac807462a6',NULL),
 ('{68AB1856-A8DE-4DD2-A465-51BB684B30EC}','17ee37dfd8114056946617a30ddec15b',NULL),
 ('{6975368B-3BCB-4429-9BDC-3F43A3CE3F1D}','f191a248cd0e43a5baaf805f57503777',NULL),
 ('{69CB74E6-BD8F-48A8-9EE6-7B5C1DAF3902}','19149a9a4bec4fd5bd2717b9fcea4248',NULL),
 ('{6F8156AD-C652-4210-A750-99BD2D097DDE}','a0ce453efdf5450aa2de33ad9e9511af',NULL),
 ('{73C344D9-7D6E-4E55-AAFF-798A2BFF47C5}','a9c1354460794c74950a6ced0623d48c',NULL),
 ('{7A7328A1-6F11-4306-819D-EC054980656B}','ea6910aab59e4f3fb49a42e8b9dbac4d',NULL),
 ('{7B511271-4ADB-4162-A494-98780E0A1707}','b865dc16bf3844f69cf73b178745d91a',NULL),
 ('{7EE60582-3099-461F-A3A6-9DF7C4F738C4}','18d24efba35d43db99d46e42b4cffaae',NULL),
 ('{8258C8C1-CE94-44A1-B5DE-493D80B25D70}','3684274dc07a4c2fb6df477615c47c58',NULL),
 ('{846FF0F1-0AC0-4469-B88A-F80FF3560EF2}','39c2b88175154150989429597da731f1',NULL),
 ('{8577F36F-80FE-4BCB-920A-563221A1C535}','9b37b7ed569b49fba6097d9d3f75f4dc',NULL),
 ('{8647FF46-BFB6-432C-ABE5-C2D18CECBF24}','075741f81d604c1fbf54f46b2b4580e2',NULL),
 ('{8669D623-EC6E-448F-8E93-0D1A8DDD0A4B}','891e05aeac574abbafcd7d06356865f8',NULL),
 ('{89F009DE-8135-4689-8044-D8BE0B2DC209}','14748f63443246cf8b4aca94c5408b68',NULL),
 ('{8A070E8D-8F81-430D-8EE0-F20638BD4C48}','1457236ae6b9410db771ff9196fcb9be',NULL),
 ('{8AA6AE50-64EA-4A4D-91B9-62C901ED1188}','ff45a9de389c4f44a30c0356d54a5d44',NULL),
 ('{8B22DA47-330E-4488-ACBB-57D506A6651D}','98bb1fcf473f4e479f7ecbb035834cbb',NULL),
 ('{8C718F7B-D340-413F-8EDA-36FF0D362E6E}','b8243c9347af4f2496fde7e97cc55cf8',NULL),
 ('{8C8E6D70-06D0-48CE-AAAD-BB26355B159B}','78a327e60ace440dbc267c184b3dd348',NULL),
 ('{8E4B52EB-9220-4BF9-9A23-AB59E7996716}','9d068d5042f347f0816edc53e6fa0d37',NULL),
 ('{8F9DADC2-9022-41FB-BE95-7E7F7C3C2FD6}','f0bc9832d9ae4a3985a754cd9aa6e600',NULL),
 ('{91D6D732-B039-40E4-82B0-357CC52DC537}','1e94671c154a4eb390627f7a7548f9d7',NULL),
 ('{929CD707-3004-4587-947A-CF31533C986A}','ae117006ca004fa28611765f556817e2',NULL),
 ('{94564715-D85C-4FCE-BC06-E807B4A462E2}','4b7d5e8c46064054a865933a791d97a8',NULL),
 ('{94CF782A-1DEA-46AE-A4A7-2BBBC8EC13FA}','52f61a111c534ffca49b235c5806353b',NULL),
 ('{95312BFD-94E0-48C5-9A76-6968503FCCCE}','9c674122894941b09c569546d124b456',NULL),
 ('{9703C2F6-E6BC-4418-8979-90FBCF6187D5}','d6d594af51da4c92a8d5ca177a3f0f43',NULL),
 ('{9C4DF2BA-4B9E-4CC0-9D64-4408A7103EA4}','7cb202d67ba34d05bf4a2644376bd546',NULL),
 ('{9F7167FE-41B9-4EE0-8267-BD4FEBE84342}','11f5c181f0614209af474c32d6b8f323',NULL),
 ('{A0BBDDCC-E465-4FF5-9D77-8CA9A4DF7F31}','d9fc9723f8fa41bfbbee8c661b1ca593',NULL),
 ('{A10C82D5-AF84-4DC4-B551-87A6E85388BC}','b14cf8745c4b43b982a532ed77e0434e',NULL),
 ('{A3BAEB54-28AB-4989-8B92-34B1F3D526F1}','5019926bdd444acc929620fe137a7d34',NULL),
 ('{A5208409-60DB-4549-9460-120820A37D40}','030e8ffb904f4317bb5e7bc1d8a14435',NULL),
 ('{A77DC056-42F5-419C-BDFF-DC89D40A1845}','9ce9391027ef49e8aba541664f3d36c4',NULL),
 ('{AF9229BA-31ED-4DBA-A3A1-372576F44B48}','db0d9c655a3140e4a11d972281c06a5f',NULL),
 ('{B283438B-11DF-408E-8344-42400070B07E}','a0b51dcf31004c99974f167899ada698',NULL),
 ('{B437EC59-9F35-4921-941E-7908F75A2F2F}','07b8e2c326724d6eb9bd8c781ea04fb4',NULL),
 ('{B835C0E6-AC96-456E-AA6A-E1594CE4E0B2}','65e591a386f04c2eafbe13caf66ffdcd',NULL),
 ('{BC2487BA-22C9-49AA-96BD-2D53FC8AC8C7}','5e386cfad7d14a2193e61e089a0eae94',NULL),
 ('{BD5BC14C-75BF-4D47-85EC-9233A703345C}','500822dffb5f49a2919656c28246f5ad',NULL),
 ('{BE6D6E6C-59C3-4E63-A205-0F3DB65E6073}','0b49c0e5e277484a961cdadbdfac33b1',NULL),
 ('{C0AF5CE8-5792-4542-A1AE-169A5EF0EED9}','cf88232cee2649cba670146bfeda7493',NULL),
 ('{C1972DCE-5959-4961-95EF-03D70F793B80}','86e1a433ad53451685ff906de562ea88',NULL),
 ('{C28C2979-E2DF-4F7A-9FEA-E04E4DBE4094}','7c7e842430644613b66c4ad1a5beaf1a',NULL),
 ('{C64EB2B6-03F2-4E85-9D91-16138CF62C1E}','1c3e547c40734353bc2dc8200c895f85',NULL),
 ('{C87C533C-27B3-4028-841C-4EA056B3E789}','391c573b910046cb898e7da92b13b94e',NULL),
 ('{C8C8DE53-F175-416C-876E-2AC96551378D}','bd074c3ff70b4caba34f638faf85aafb',NULL),
 ('{CEF44ADE-09C0-445F-BF26-10FD8898356E}','025a3a0ace6a4b8ca7623b7de5ca5e25',NULL),
 ('{D6D6E729-30A2-45E2-8DAE-913F187C3A2D}','646e14ea91e44eb9bb87c5f2bbc914c3',NULL),
 ('{DD822B36-AF72-4E21-B28D-9D6BE3A8EA18}','81b843eb53ba45d890da2fec2939fef2',NULL),
 ('{E77333EB-2C8B-4A7B-A1D3-D2240862A016}','631eb6ee317e49429be2beca8681a7ef',NULL),
 ('{E97440D2-1E4C-429C-92BB-AAB61085CCBA}','84c37eff7fe743699e35c4cf76503d8d',NULL),
 ('{EF58AA5E-C7C9-4CD2-B9C0-1931D78D8825}','50ce7a9dd1ff41ae9dcd87699e7a226a',NULL),
 ('{F0C481E9-C485-4517-8022-CA79CCEDEB99}','fb54e71119244f27bb15b09dc03b04cc',NULL),
 ('{F0F26A3D-F237-4F06-A241-D613B18B767E}','a10bc12c2b9647e1956261db0db580c2',NULL),
 ('{F1491692-91C3-4CC5-BF58-1CB3996410B4}','da13f5bc5b584860a3da71d74695fbc3',NULL),
 ('{F150B78D-E683-4908-9075-603E5AFED8FA}','343c49bf95684eb49bc148c6ec72fa5b',NULL),
 ('{F42E8A14-C60D-499B-A62D-B7D0C04138BF}','8eb0a5fc04914aeeafa0082b4bbe4516',NULL),
 ('{F6695E83-CC93-42B9-8012-614D00A827B8}','6e369e3f7608434399eb69f2a58f7171',NULL),
 ('{FF6D7D12-1C84-4F0D-8479-7216F600A9C3}','d56aa66c90ca41a3b5e712305f85f6fe',NULL);
/*!40000 ALTER TABLE `table_class_part` ENABLE KEYS */;


--
-- Definition of table `table_class_person`
--

DROP TABLE IF EXISTS `table_class_person`;
CREATE TABLE `table_class_person` (
  `field_ID_Number` varchar(50) DEFAULT NULL,
  `field_First_Name` varchar(50) DEFAULT NULL,
  `field_Last_Name` varchar(50) DEFAULT NULL,
  `field_Person_ID` varchar(50) NOT NULL,
  PRIMARY KEY (`field_Person_ID`)
) ENGINE=InnoDB DEFAULT CHARSET=latin1;

--
-- Dumping data for table `table_class_person`
--

/*!40000 ALTER TABLE `table_class_person` DISABLE KEYS */;
/*!40000 ALTER TABLE `table_class_person` ENABLE KEYS */;


--
-- Definition of table `table_class_vehicle`
--

DROP TABLE IF EXISTS `table_class_vehicle`;
CREATE TABLE `table_class_vehicle` (
  `field_Vehicle_ID` char(38) NOT NULL DEFAULT '',
  `field_Vehicle_Type` varchar(50) DEFAULT NULL,
  `field_Date_Assembled` datetime DEFAULT NULL,
  `field_Owner_ID` char(38) DEFAULT NULL,
  PRIMARY KEY (`field_Vehicle_ID`),
  KEY `table_class_Vehicle_Owner_FK` (`field_Owner_ID`),
  CONSTRAINT `table_class_Vehicle_Owner_FK` FOREIGN KEY (`field_Owner_ID`) REFERENCES `table_class_legalentity` (`field_Legal_Entity_ID`)
) ENGINE=InnoDB DEFAULT CHARSET=latin1;

--
-- Dumping data for table `table_class_vehicle`
--

/*!40000 ALTER TABLE `table_class_vehicle` DISABLE KEYS */;
/*!40000 ALTER TABLE `table_class_vehicle` ENABLE KEYS */;


--
-- Definition of table `table_engine`
--

DROP TABLE IF EXISTS `table_engine`;
CREATE TABLE `table_engine` (
  `ENGINE_ID` varchar(38) DEFAULT NULL,
  `CAR_ID` varchar(38) DEFAULT NULL,
  `ENGINE_NO` varchar(50) DEFAULT NULL
) ENGINE=InnoDB DEFAULT CHARSET=latin1;

--
-- Dumping data for table `table_engine`
--

/*!40000 ALTER TABLE `table_engine` DISABLE KEYS */;
/*!40000 ALTER TABLE `table_engine` ENABLE KEYS */;


--
-- Definition of table `table_entity`
--

DROP TABLE IF EXISTS `table_entity`;
CREATE TABLE `table_entity` (
  `field_Entity_ID` char(38) NOT NULL,
  `field_Entity_Type` varchar(50) DEFAULT NULL,
  PRIMARY KEY (`field_Entity_ID`)
) ENGINE=InnoDB DEFAULT CHARSET=latin1;

--
-- Dumping data for table `table_entity`
--

/*!40000 ALTER TABLE `table_entity` DISABLE KEYS */;
INSERT INTO `table_entity` (`field_Entity_ID`,`field_Entity_Type`) VALUES 
 ('{008FC645-579F-42CB-8E00-712AE7ED0ADA}',NULL),
 ('{05F43ECD-C9C0-42F7-94FB-436F118D86FB}',NULL),
 ('{0810C62B-8036-4B46-A3F4-47DE6E4463A5}','eceb63859b224138939be1196014020b'),
 ('{09E8ADAC-FD29-4589-AB2C-B0CC6A73E975}','4918190c24fa442b9acc1d17252c49c9'),
 ('{0D0E9107-0B86-4EB4-B15E-E985D5A11371}',NULL),
 ('{0FEB8B30-3CB3-41EA-B37D-E86BF86ABE1E}',NULL),
 ('{10E7C469-AF61-4FCB-8B90-323DFB8972DC}',NULL),
 ('{1B80D411-C469-44B8-B26D-C06948996A6E}',NULL),
 ('{1C9EAC3D-B68D-437B-9417-D3AAB9F72BA3}',NULL),
 ('{1D22BCA8-964A-43A0-86C8-2AF5612B0AB8}',NULL),
 ('{1DB6A37B-A026-4D98-9E23-F54276B64299}',NULL),
 ('{1E175358-FEA4-4CB5-8209-6AB76C84F019}','e778c788798c40bf85933c38dc687fb6'),
 ('{1E878574-A0E5-48EB-BE02-A6D222794FC9}','54cd3480fcc54a3c8d3e1de5f7c0ce64'),
 ('{24594C0F-2A01-4DE4-B1C5-D103E04931F7}',NULL),
 ('{25ABB1EC-31EE-4C4A-94EA-56BFC3665649}',NULL),
 ('{288273A8-A80B-42C8-AB1B-38D0DE5CD0E3}',NULL),
 ('{2C02FFBD-175A-4807-944F-B41110DE978D}',NULL),
 ('{2E70F543-350E-4056-A08F-9F097CB28F8D}','b7b6e242860549f0ba2c44d21f4f6305'),
 ('{2F04AF79-4272-4169-A70A-7E1326F53F12}',NULL),
 ('{307C3A17-656E-44D4-986D-18E2369AC81F}','cc7a5dd3d30c44beba0c839775a0ddee'),
 ('{319D6F02-34C5-4A64-A848-3A41B5C0FE14}','46f6067c00a640ffb0d6635668b5c66f'),
 ('{34E0AC23-15D5-4637-9BE0-84D1698B4949}','3c740486bd54460c9f6ff64dac77e967'),
 ('{3999FD13-41F0-4C01-8FC1-AF61949F3995}',NULL),
 ('{399C1DD8-47C2-4DF1-A873-1D3CA6006B39}',NULL),
 ('{39E5A53C-AAF5-4817-9C19-10C536078000}',NULL),
 ('{3B4A19F9-1E8F-4D6D-98B0-49AD85D4CDD6}',NULL),
 ('{3E829A8F-DD18-4A36-8232-1B4923DAA269}',NULL),
 ('{4026BCE6-014B-4461-ADE3-72551567F121}','2c6ae327372c4011b61a35e8d6d308de'),
 ('{405BA62A-FDD4-4249-A5F1-EDB60580EDDD}',NULL),
 ('{4238E64A-1284-4673-BEF3-12C1F76E5749}','a6fdca4310a34791817a2d3d3631ed87'),
 ('{43954C5A-F691-4E45-83DF-E31D9EB1031F}',NULL),
 ('{43AC0714-6422-4A42-885F-045AB7BECBCF}','53324206b1a6403fb046ec385fd23e4b'),
 ('{43F584DC-EA9A-49F6-AA00-E4F570C95CF8}',NULL),
 ('{45C8B5AC-B509-4BA7-A65C-A69D46B3F502}',NULL),
 ('{45EA3200-27F9-462B-8639-52A0A8627277}','be351bee719d4ed28d85755f47b57176'),
 ('{47780D9C-4F67-4151-B0F5-0E8D4FF99B39}',NULL),
 ('{4CB74AB9-747C-4E36-8584-E804DD2408C9}','224c9e31d11c4af587dad377eb29b7bf'),
 ('{51390584-C16F-401E-8F27-DC8D9604CCAA}',NULL),
 ('{519B176A-F092-48A1-9001-AC6B8C86CFDF}','e13ec95b8b51432b8772a7b87a4318d7'),
 ('{53DA4D97-629E-41D4-BFF6-7D185B1FD1A1}','fc37973faa31441ba234c9212abc9c9d'),
 ('{56FB56FE-8662-489C-B7C8-8E766D682AD2}','6e079e5599124355b719c27ae73f19a7'),
 ('{5810AE58-63DA-44AF-973A-168B6326803A}',NULL),
 ('{59CD06F2-5030-46FE-AF79-A5EEE3B81608}',NULL),
 ('{5E36E505-DF2E-4D6A-8D46-3BC64E8B42E0}','501f11cb55ac46fca5d6e87f463576ff'),
 ('{6154FB65-1B87-4198-93B8-53046A910E41}',NULL),
 ('{66CCBC87-BEE2-449D-BC94-74FD482C0D4A}','fdd0c926a03d468299e106bf0fec2887'),
 ('{67728BC7-CD2A-4A05-A847-7259DB81DED9}','8072edae01504e2f84f479bc10b98f5e'),
 ('{67AB6E7C-3BE2-400D-B0BB-C6814863073D}',NULL),
 ('{68AB1856-A8DE-4DD2-A465-51BB684B30EC}','4588c73d32a146f99e4b906df61f95af'),
 ('{6975368B-3BCB-4429-9BDC-3F43A3CE3F1D}',NULL),
 ('{69CB74E6-BD8F-48A8-9EE6-7B5C1DAF3902}',NULL),
 ('{6F8156AD-C652-4210-A750-99BD2D097DDE}','64d0c1cba76144aa826b4875f8fdcb01'),
 ('{73C344D9-7D6E-4E55-AAFF-798A2BFF47C5}',NULL),
 ('{7A7328A1-6F11-4306-819D-EC054980656B}','d9737fa9e31d4647a642e81ea91e2d6b'),
 ('{7B511271-4ADB-4162-A494-98780E0A1707}','1b7501e0e74348a19693451cd8adf4d2'),
 ('{7EE60582-3099-461F-A3A6-9DF7C4F738C4}','baa6f9663ae8443aa1f30acf912ef668'),
 ('{8258C8C1-CE94-44A1-B5DE-493D80B25D70}',NULL),
 ('{846FF0F1-0AC0-4469-B88A-F80FF3560EF2}',NULL),
 ('{8577F36F-80FE-4BCB-920A-563221A1C535}',NULL),
 ('{8647FF46-BFB6-432C-ABE5-C2D18CECBF24}','6edffd57477f442c8cc9d19dbf300390'),
 ('{8669D623-EC6E-448F-8E93-0D1A8DDD0A4B}',NULL),
 ('{89F009DE-8135-4689-8044-D8BE0B2DC209}',NULL),
 ('{8A070E8D-8F81-430D-8EE0-F20638BD4C48}',NULL),
 ('{8AA6AE50-64EA-4A4D-91B9-62C901ED1188}',NULL),
 ('{8B22DA47-330E-4488-ACBB-57D506A6651D}','490f141fbe5f434f9fba465fa36ecf94'),
 ('{8C718F7B-D340-413F-8EDA-36FF0D362E6E}','1ec1afe4e83d45988daacee86c07ad28'),
 ('{8C8E6D70-06D0-48CE-AAAD-BB26355B159B}','938879701b184cda8f175e2f3dc4e7e5'),
 ('{8E4B52EB-9220-4BF9-9A23-AB59E7996716}',NULL),
 ('{8F9DADC2-9022-41FB-BE95-7E7F7C3C2FD6}','a08c93717f2942568d3c7c09dc6ce37d'),
 ('{91D6D732-B039-40E4-82B0-357CC52DC537}','70385e010b964add9d8ff91b8dacf157'),
 ('{929CD707-3004-4587-947A-CF31533C986A}',NULL),
 ('{94564715-D85C-4FCE-BC06-E807B4A462E2}','11cef16c64734bdc9e037fc40ac269b2'),
 ('{94CF782A-1DEA-46AE-A4A7-2BBBC8EC13FA}',NULL),
 ('{95312BFD-94E0-48C5-9A76-6968503FCCCE}','91812069fc4142b38c79e466db9542ff'),
 ('{9703C2F6-E6BC-4418-8979-90FBCF6187D5}','84a2f08a3ab54170928a3a9630af2d45'),
 ('{9C4DF2BA-4B9E-4CC0-9D64-4408A7103EA4}',NULL),
 ('{9F7167FE-41B9-4EE0-8267-BD4FEBE84342}','fd2714245a3e40cc8a1e2b689e10c698'),
 ('{A0BBDDCC-E465-4FF5-9D77-8CA9A4DF7F31}','8f3816a6659f478a86383bfd437d8d22'),
 ('{A10C82D5-AF84-4DC4-B551-87A6E85388BC}','8e8fe9b2a1194257b37c817de6555886'),
 ('{A3BAEB54-28AB-4989-8B92-34B1F3D526F1}',NULL),
 ('{A5208409-60DB-4549-9460-120820A37D40}','ae3bf9edd967471fb0127dadf805929d'),
 ('{A77DC056-42F5-419C-BDFF-DC89D40A1845}',NULL),
 ('{AF9229BA-31ED-4DBA-A3A1-372576F44B48}',NULL),
 ('{B283438B-11DF-408E-8344-42400070B07E}','b1a842ae73324d4d8b9779e80e3e72a6'),
 ('{B437EC59-9F35-4921-941E-7908F75A2F2F}','9bbdeb78b7c545278f7898d4614a9932'),
 ('{B835C0E6-AC96-456E-AA6A-E1594CE4E0B2}','6051a47e8a094dee84f1c60af7e4079c'),
 ('{BC2487BA-22C9-49AA-96BD-2D53FC8AC8C7}',NULL),
 ('{BD5BC14C-75BF-4D47-85EC-9233A703345C}','00db66f426a3468ebf5c34db895a756c'),
 ('{BE6D6E6C-59C3-4E63-A205-0F3DB65E6073}',NULL),
 ('{C0AF5CE8-5792-4542-A1AE-169A5EF0EED9}','beca1eac10e649e69ff2433de3e9c0fe'),
 ('{C1972DCE-5959-4961-95EF-03D70F793B80}',NULL),
 ('{C28C2979-E2DF-4F7A-9FEA-E04E4DBE4094}',NULL),
 ('{C64EB2B6-03F2-4E85-9D91-16138CF62C1E}','583c2031a6bc4291abb63e52b436d7b5'),
 ('{C87C533C-27B3-4028-841C-4EA056B3E789}','0acc32dbf6e24cbfb95811ac7248e977'),
 ('{C8C8DE53-F175-416C-876E-2AC96551378D}','4ece06640518490aa1cfd65f049e4421'),
 ('{CEF44ADE-09C0-445F-BF26-10FD8898356E}','ec9dac1e8ecd4ae8af7e2a1e8f7abccd'),
 ('{D6D6E729-30A2-45E2-8DAE-913F187C3A2D}','896d5cf8c4ce406886e11bdce26c48f2'),
 ('{DD822B36-AF72-4E21-B28D-9D6BE3A8EA18}',NULL),
 ('{E77333EB-2C8B-4A7B-A1D3-D2240862A016}','9aff0643f6e14aa5b1cf05a999da625c'),
 ('{E97440D2-1E4C-429C-92BB-AAB61085CCBA}','c1bfb15c47b647bbb2bfed85280b723d'),
 ('{EF58AA5E-C7C9-4CD2-B9C0-1931D78D8825}','fed67c33ba054c30bd8015a6041b4762'),
 ('{F0C481E9-C485-4517-8022-CA79CCEDEB99}','3febcd2703b046e2aa19e23b775d6493'),
 ('{F0F26A3D-F237-4F06-A241-D613B18B767E}','fb2fb662273b443a9fdc56bcb7781592'),
 ('{F1491692-91C3-4CC5-BF58-1CB3996410B4}',NULL),
 ('{F150B78D-E683-4908-9075-603E5AFED8FA}','db01a4ba0b344717bf87bfe02a58ab12'),
 ('{F42E8A14-C60D-499B-A62D-B7D0C04138BF}',NULL),
 ('{F6695E83-CC93-42B9-8012-614D00A827B8}','34947d05163f42e29eabe157864176ad'),
 ('{FF6D7D12-1C84-4F0D-8479-7216F600A9C3}',NULL);
/*!40000 ALTER TABLE `table_entity` ENABLE KEYS */;


--
-- Definition of table `table_organisationperson`
--

DROP TABLE IF EXISTS `table_organisationperson`;
CREATE TABLE `table_organisationperson` (
  `field_Organisatiion_ID` char(38) NOT NULL DEFAULT '',
  `field_Person_ID` char(38) NOT NULL DEFAULT '',
  `field_Relationship` varchar(50) DEFAULT NULL,
  PRIMARY KEY (`field_Organisatiion_ID`,`field_Person_ID`),
  KEY `table_OrganisationPerson_Person_FK` (`field_Person_ID`),
  CONSTRAINT `table_OrganisationPerson_Organisation_FK` FOREIGN KEY (`field_Organisatiion_ID`) REFERENCES `table_class_organisation` (`field_Organisation_ID`),
  CONSTRAINT `table_OrganisationPerson_Person_FK` FOREIGN KEY (`field_Person_ID`) REFERENCES `table_class_person` (`field_Person_ID`)
) ENGINE=InnoDB DEFAULT CHARSET=latin1;

--
-- Dumping data for table `table_organisationperson`
--

/*!40000 ALTER TABLE `table_organisationperson` DISABLE KEYS */;
/*!40000 ALTER TABLE `table_organisationperson` ENABLE KEYS */;


--
-- Definition of table `testautoinc`
--

DROP TABLE IF EXISTS `testautoinc`;
CREATE TABLE `testautoinc` (
  `testautoincid` int(10) unsigned NOT NULL AUTO_INCREMENT,
  `testfield` varchar(45) NOT NULL DEFAULT '',
  PRIMARY KEY (`testautoincid`)
) ENGINE=InnoDB AUTO_INCREMENT=1077 DEFAULT CHARSET=latin1;

--
-- Dumping data for table `testautoinc`
--

/*!40000 ALTER TABLE `testautoinc` DISABLE KEYS */;
INSERT INTO `testautoinc` (`testautoincid`,`testfield`) VALUES 
 (820,'testing'),
 (821,'testing'),
 (822,'testing'),
 (823,'testing 123'),
 (824,'testing 123'),
 (825,'testing'),
 (826,'testing'),
 (827,'testing'),
 (828,'testing 123'),
 (829,'testing 123'),
 (830,'testing 123'),
 (831,'testing 123'),
 (832,'testing'),
 (833,'testing'),
 (834,'testing 123'),
 (835,'testing'),
 (836,'testing 123'),
 (837,'testing'),
 (838,'testing'),
 (839,'testing 123'),
 (840,'testing'),
 (841,'testing 123'),
 (842,'testing'),
 (843,'testing'),
 (844,'testing 123'),
 (845,'testing'),
 (846,'testing 123'),
 (847,'testing'),
 (848,'testing'),
 (849,'testing 123'),
 (850,'testing'),
 (851,'testing'),
 (852,'testing'),
 (853,'testing'),
 (854,'testing 123'),
 (855,'testing 123'),
 (856,'testing'),
 (857,'testing'),
 (858,'testing'),
 (859,'testing 123'),
 (860,'testing 123'),
 (861,'testing 123'),
 (862,'testing 123'),
 (863,'testing 123'),
 (864,'testing'),
 (865,'testing'),
 (866,'testing 123'),
 (867,'testing'),
 (868,'testing'),
 (869,'testing'),
 (870,'testing 123'),
 (871,'testing'),
 (872,'testing'),
 (873,'testing'),
 (874,'testing 123'),
 (875,'testing'),
 (876,'testing'),
 (877,'testing'),
 (878,'testing 123'),
 (879,'testing'),
 (880,'testing 123'),
 (881,'testing'),
 (882,'testing'),
 (883,'testing'),
 (884,'testing'),
 (885,'testing'),
 (886,'testing'),
 (887,'testing'),
 (888,'testing'),
 (889,'testing 123'),
 (890,'testing'),
 (891,'testing'),
 (892,'testing 123'),
 (893,'testing'),
 (894,'testing 123'),
 (895,'testing'),
 (896,'testing'),
 (897,'testing 123'),
 (898,'testing'),
 (899,'testing 123'),
 (900,'testing'),
 (901,'testing'),
 (902,'testing 123'),
 (903,'testing'),
 (904,'testing 123'),
 (905,'testing'),
 (906,'testing'),
 (907,'testing 123'),
 (908,'testing'),
 (909,'testing 123'),
 (910,'testing'),
 (911,'testing'),
 (912,'testing 123'),
 (913,'testing'),
 (914,'testing 123'),
 (915,'testing'),
 (916,'testing'),
 (917,'testing 123'),
 (918,'testing'),
 (919,'testing 123'),
 (920,'testing'),
 (921,'testing'),
 (922,'testing 123'),
 (923,'testing'),
 (924,'testing 123'),
 (925,'testing'),
 (926,'testing'),
 (927,'testing 123'),
 (928,'testing'),
 (929,'testing 123'),
 (930,'testing'),
 (931,'testing'),
 (932,'testing 123'),
 (933,'testing 123'),
 (934,'testing'),
 (935,'testing'),
 (936,'testing 123'),
 (937,'testing'),
 (938,'testing 123'),
 (939,'testing'),
 (940,'testing'),
 (941,'testing 123'),
 (942,'testing'),
 (943,'testing 123'),
 (944,'testing'),
 (945,'testing'),
 (946,'testing 123'),
 (947,'testing'),
 (948,'testing'),
 (949,'testing'),
 (950,'testing'),
 (951,'testing'),
 (952,'testing 123'),
 (953,'testing'),
 (954,'testing'),
 (955,'testing 123'),
 (956,'testing'),
 (957,'testing 123'),
 (958,'testing'),
 (959,'testing'),
 (960,'testing 123'),
 (961,'testing'),
 (962,'testing 123'),
 (963,'testing'),
 (964,'testing'),
 (965,'testing 123'),
 (966,'testing'),
 (967,'testing 123'),
 (968,'testing'),
 (969,'testing'),
 (970,'testing 123'),
 (971,'testing'),
 (972,'testing 123'),
 (973,'testing'),
 (974,'testing'),
 (975,'testing 123'),
 (976,'testing'),
 (977,'testing 123'),
 (978,'testing'),
 (979,'testing'),
 (980,'testing 123'),
 (981,'testing'),
 (982,'testing'),
 (983,'testing'),
 (984,'testing'),
 (985,'testing 123'),
 (986,'testing 123'),
 (987,'testing'),
 (988,'testing'),
 (989,'testing'),
 (990,'testing 123'),
 (991,'testing 123'),
 (992,'testing'),
 (993,'testing'),
 (994,'testing'),
 (995,'testing 123'),
 (996,'testing 123'),
 (997,'testing 123'),
 (998,'testing'),
 (999,'testing'),
 (1000,'testing'),
 (1001,'testing 123'),
 (1002,'testing'),
 (1003,'testing'),
 (1004,'testing'),
 (1005,'testing 123'),
 (1006,'testing 123'),
 (1007,'testing 123'),
 (1008,'testing'),
 (1009,'testing'),
 (1010,'testing 123'),
 (1011,'testing 123'),
 (1012,'testing'),
 (1013,'testing'),
 (1014,'testing'),
 (1015,'testing 123'),
 (1016,'testing'),
 (1017,'testing 123'),
 (1018,'testing'),
 (1019,'testing'),
 (1020,'testing'),
 (1021,'testing 123'),
 (1022,'testing'),
 (1023,'testing'),
 (1024,'testing'),
 (1025,'testing'),
 (1026,'testing 123'),
 (1027,'testing 123'),
 (1028,'testing'),
 (1029,'testing 123'),
 (1030,'testing'),
 (1031,'testing'),
 (1032,'testing'),
 (1033,'testing 123'),
 (1034,'testing'),
 (1035,'testing'),
 (1036,'testing'),
 (1037,'testing 123'),
 (1038,'testing'),
 (1039,'testing'),
 (1040,'testing'),
 (1041,'testing'),
 (1042,'testing 123'),
 (1043,'testing'),
 (1044,'testing'),
 (1045,'testing'),
 (1046,'testing 123'),
 (1047,'testing'),
 (1048,'testing'),
 (1049,'testing'),
 (1050,'testing 123'),
 (1051,'testing'),
 (1052,'testing'),
 (1053,'testing'),
 (1054,'testing 123'),
 (1055,'testing'),
 (1056,'testing'),
 (1057,'testing'),
 (1058,'testing 123'),
 (1059,'testing'),
 (1060,'testing'),
 (1061,'testing'),
 (1062,'testing 123'),
 (1063,'testing'),
 (1064,'testing'),
 (1065,'testing'),
 (1066,'testing 123'),
 (1067,'testing'),
 (1068,'testing'),
 (1069,'testing'),
 (1070,'testing'),
 (1071,'testing 123'),
 (1072,'testing'),
 (1073,'testing'),
 (1074,'testing'),
 (1075,'testing'),
 (1076,'testing 123');
/*!40000 ALTER TABLE `testautoinc` ENABLE KEYS */;


--
-- Definition of table `testtableread`
--

DROP TABLE IF EXISTS `testtableread`;
CREATE TABLE `testtableread` (
  `TestTableReadData` varchar(50) DEFAULT NULL,
  `TestTableReadID` varchar(38) DEFAULT NULL,
  UNIQUE KEY `Index_1` (`TestTableReadData`)
) ENGINE=InnoDB DEFAULT CHARSET=latin1;

--
-- Dumping data for table `testtableread`
--

/*!40000 ALTER TABLE `testtableread` DISABLE KEYS */;
INSERT INTO `testtableread` (`TestTableReadData`,`TestTableReadID`) VALUES 
 ('Test',NULL),
 ('Test2',NULL);
/*!40000 ALTER TABLE `testtableread` ENABLE KEYS */;


--
-- Definition of table `transactionlog`
--

DROP TABLE IF EXISTS `transactionlog`;
CREATE TABLE `transactionlog` (
  `TransactionSequenceNo` int(11) NOT NULL AUTO_INCREMENT,
  `DateTimeUpdated` datetime DEFAULT NULL,
  `WindowsUser` varchar(50) DEFAULT NULL,
  `LogonUser` varchar(50) DEFAULT NULL,
  `MachineName` varchar(50) DEFAULT NULL,
  `BusinessObjectTypeName` varchar(50) DEFAULT NULL,
  `CRUDAction` varchar(50) DEFAULT NULL,
  `DirtyXML` mediumtext,
  `BusinessObjectToString` varchar(255) DEFAULT NULL,
  PRIMARY KEY (`TransactionSequenceNo`)
) ENGINE=InnoDB AUTO_INCREMENT=2959 DEFAULT CHARSET=latin1;

--
-- Dumping data for table `transactionlog`
--

/*!40000 ALTER TABLE `transactionlog` DISABLE KEYS */;
INSERT INTO `transactionlog` (`TransactionSequenceNo`,`DateTimeUpdated`,`WindowsUser`,`LogonUser`,`MachineName`,`BusinessObjectTypeName`,`CRUDAction`,`DirtyXML`,`BusinessObjectToString`) VALUES 
 (2952,'2010-10-04 18:10:53','CHILLI\\peter','','PETER','ContactPersonTransactionLogging','Created','<ContactPersonTransactionLogging ID=\'8596e25c-0a6e-4894-80d7-ce73dadc16a3\'><Properties><Surname><PreviousValue></PreviousValue><NewValue>794e4a2f-1624-4c6f-b70b-14f2dfe0ca4d</NewValue></Surname></Properties></ContactPersonTransactionLogging>','794e4a2f-1624-4c6f-b70b-14f2dfe0ca4d'),
 (2953,'2010-10-04 18:10:53','CHILLI\\peter','','PETER','ContactPersonTransactionLogging','Updated','<ContactPersonTransactionLogging ID=\'8596e25c-0a6e-4894-80d7-ce73dadc16a3\'><Properties><Surname><PreviousValue>794e4a2f-1624-4c6f-b70b-14f2dfe0ca4d</PreviousValue><NewValue>473b899f-9dda-447b-b727-f095c915a312</NewValue></Surname></Properties></ContactPersonTransactionLogging>','473b899f-9dda-447b-b727-f095c915a312'),
 (2954,'2010-10-04 18:10:53','CHILLI\\peter','','PETER','ContactPersonTransactionLogging','Updated','<ContactPersonTransactionLogging ID=\'8596e25c-0a6e-4894-80d7-ce73dadc16a3\'><Properties><Surname><PreviousValue>473b899f-9dda-447b-b727-f095c915a312</PreviousValue><NewValue>6c4c9fa9-72a6-48ab-ae89-592c39797bb7</NewValue></Surname></Properties></ContactPersonTransactionLogging>','6c4c9fa9-72a6-48ab-ae89-592c39797bb7'),
 (2955,'2010-10-04 18:10:53','CHILLI\\peter','','PETER','ContactPersonTransactionLogging','Updated','<ContactPersonTransactionLogging ID=\'8596e25c-0a6e-4894-80d7-ce73dadc16a3\'><Properties><Surname><PreviousValue>6c4c9fa9-72a6-48ab-ae89-592c39797bb7</PreviousValue><NewValue>a364589d-1fbc-4f4a-90f8-b8a0d0bc1b9a</NewValue></Surname></Properties></ContactPersonTransactionLogging>','a364589d-1fbc-4f4a-90f8-b8a0d0bc1b9a'),
 (2956,'2010-10-04 18:10:53','CHILLI\\peter','','PETER','ContactPersonTransactionLogging','Updated','<ContactPersonTransactionLogging ID=\'8596e25c-0a6e-4894-80d7-ce73dadc16a3\'><Properties><Surname><PreviousValue>a364589d-1fbc-4f4a-90f8-b8a0d0bc1b9a</PreviousValue><NewValue>41bc12fa-bee7-440f-a98f-4ce1d5e7b1c1</NewValue></Surname></Properties></ContactPersonTransactionLogging>','41bc12fa-bee7-440f-a98f-4ce1d5e7b1c1'),
 (2957,'2010-10-04 18:10:53','CHILLI\\peter','','PETER','ContactPersonTransactionLogging','Deleted','<ContactPersonTransactionLogging ID=\'8596e25c-0a6e-4894-80d7-ce73dadc16a3\'><Properties></Properties></ContactPersonTransactionLogging>','41bc12fa-bee7-440f-a98f-4ce1d5e7b1c1'),
 (2958,'2010-10-04 18:10:53','CHILLI\\peter','','PETER','ContactPersonTransactionLogging','Created','<ContactPersonTransactionLogging ID=\'f9b8eb8f-0ace-40d1-8f82-b348cdd6c2a1\'><Properties><Surname><PreviousValue></PreviousValue><NewValue>My Surname 1</NewValue></Surname></Properties></ContactPersonTransactionLogging>','My Surname 1');
/*!40000 ALTER TABLE `transactionlog` ENABLE KEYS */;




/*!40101 SET SQL_MODE=@OLD_SQL_MODE */;
/*!40014 SET FOREIGN_KEY_CHECKS=@OLD_FOREIGN_KEY_CHECKS */;
/*!40014 SET UNIQUE_CHECKS=@OLD_UNIQUE_CHECKS */;
/*!40101 SET CHARACTER_SET_CLIENT=@OLD_CHARACTER_SET_CLIENT */;
/*!40101 SET CHARACTER_SET_RESULTS=@OLD_CHARACTER_SET_RESULTS */;
/*!40101 SET COLLATION_CONNECTION=@OLD_COLLATION_CONNECTION */;
/*!40101 SET CHARACTER_SET_CLIENT=@OLD_CHARACTER_SET_CLIENT */;
